MUNI_PROV,t24_100yr,t24_25yr,t24_5yr
"Aborlan, Palawan",299.6,234.9,156.4
"Abra_de_Ilog, Occidental_Mindoro",434.3,340.4,226.7
"Abucay, Bataan",377.6,301.5,209.4
"Abulug, Cagayan",484,379.3,252.5
"Abuyog, Leyte",273,222.6,161.4
"Abuyog, Leyte",316.3,259.6,190.8
"Adams, Ilocos_Norte",602,479.8,331.7
"Agdangan, Quezon",466.7,369.6,252
"Aglipay, Quirino",427.9,345.5,245.6
"Agno, Pangasinan",440.5,352.9,246.7
"Agoncillo, Batangas",434.3,340.4,226.7
"Agoo, La_Union",440.5,352.9,246.7
"Agoo, La_Union",1134,876.1,563.6
"Aguilar, Pangasinan",440.5,352.9,246.7
"Aguinaldo, Ifugao",427.9,345.5,245.6
"Aguinaldo, Ifugao",465.5,367.2,248
"Aguinaldo, Ifugao",1134,876.1,563.6
"Agutaya, Palawan",304.5,241.5,165.2
"Agutaya, Palawan",313.3,249.2,171.6
"Ajuy, Iloilo",304.5,241.5,165.2
"Ajuy, Iloilo",344.6,273,186.2
"Akbar, Basilan",191.1,153.4,107.8
"Al_Barka, Basilan",191.1,153.4,107.8
"Alabat, Quezon",466.7,369.6,252
"Alabel, Sarangani",195.2,153.4,102.7
"Alamada, North_Cotabato",255.5,204,141.7
"Alamada, North_Cotabato",265.3,214.8,153.6
"Alamada, North_Cotabato",239.7,189.8,129.2
"Alamada, North_Cotabato",202.1,165.5,121.1
"Alaminos_City, Pangasinan",440.5,352.9,246.7
"Alaminos, Laguna",434.3,340.4,226.7
"Alangalang, Leyte",273,222.6,161.4
"Albuera, Leyte",273,222.6,161.4
"Albuquerque, Bohol",222.6,176.7,121.2
"Alcala, Cagayan",465.5,367.2,248
"Alcala, Pangasinan",440.5,352.9,246.7
"Alcantara, Cebu",222.6,176.7,121.2
"Alcantara, Romblon",313.3,249.2,171.6
"Alcoy, Cebu",227.3,177.2,116.5
"Alcoy, Cebu",222.6,176.7,121.2
"Alegria, Cebu",227.3,177.2,116.5
"Alegria, Cebu",222.6,176.7,121.2
"Alegria, Surigao_del_Norte",553.9,433,286.5
"Aleosan, North_Cotabato",202.1,165.5,121.1
"Alfonso_Castaneda, Nueva_Vizcaya",551.7,428.2,278.6
"Alfonso_Lista, Ifugao",427.9,345.5,245.6
"Alfonso_Lista, Ifugao",465.5,367.2,248
"Alfonso, Cavite",434.3,340.4,226.7
"Aliaga, Nueva_Ecija",349.3,275.2,185.3
"Alicia, Bohol",222.6,176.7,121.2
"Alicia, Bohol",316.3,259.6,190.8
"Alicia, Isabela",427.9,345.5,245.6
"Alicia, Zamboanga_Sibugay",191.1,153.4,107.8
"Alilem, Ilocos_Sur",1134,876.1,563.6
"Alimodian, Iloilo",304.5,241.5,165.2
"Alitagtag, Batangas",434.3,340.4,226.7
"Allacapan, Cagayan",484,379.3,252.5
"Allen, Northern_Samar",461.8,368.5,255.4
"Almagro, Samar",418.8,331.3,255.3
"Almagro, Samar",461.8,368.5,255.4
"Almeria, Biliran",418.8,331.3,255.3
"Aloguinsan, Cebu",265.7,208.5,139.1
"Aloran, Misamis_Occidental",294.4,242,178.5
"Altavas, Aklan",344.6,273,186.2
"Alubijid, Misamis_Oriental",255.5,204,141.7
"Amadeo, Cavite",434.3,340.4,226.7
"Ambaguio, Nueva_Vizcaya",1134,876.1,563.6
"Amlan, Negros_Oriental",227.3,177.2,116.5
"Ampatuan, Maguindanao",195.2,153.4,102.7
"Amulung, Cagayan",465.5,367.2,248
"Anahawan, Southern_Leyte",316.3,259.6,190.8
"Anao, Tarlac",349.3,275.2,185.3
"Anao, Tarlac",440.5,352.9,246.7
"Anda, Bohol",316.3,259.6,190.8
"Anda, Pangasinan",440.5,352.9,246.7
"Angadanan, Isabela",427.9,345.5,245.6
"Angat, Bulacan",481.2,373.6,243.1
"Angeles_City, Pampanga",533.6,431.1,307
"Angeles_City, Pampanga",349.3,275.2,185.3
"Angono, Rizal",481.2,373.6,243.1
"Anilao, Iloilo",304.5,241.5,165.2
"Anini_Y, Antique",304.5,241.5,165.2
"Antequera, Bohol",222.6,176.7,121.2
"Antipas, North_Cotabato",202.1,165.5,121.1
"Antipolo_City, Rizal",481.2,373.6,243.1
"Antipolo_City, Rizal",404.4,334.4,249.6
"Apalit, Pampanga",481.2,373.6,243.1
"Apalit, Pampanga",415.6,328.8,223.5
"Aparri, Cagayan",484,379.3,252.5
"Araceli, Palawan",299.6,234.9,156.4
"Arakan, North_Cotabato",202.1,165.5,121.1
"Arayat, Pampanga",349.3,275.2,185.3
"Argao, Cebu",222.6,176.7,121.2
"Aringay, La_Union",1134,876.1,563.6
"Aritao, Nueva_Vizcaya",551.7,428.2,278.6
"Aritao, Nueva_Vizcaya",1134,876.1,563.6
"Aroroy, Masbate",490.3,386.4,260.5
"Arteche, Eastern_Samar",509.4,407.4,283.8
"Arteche, Eastern_Samar",418.8,331.3,255.3
"Asingan, Pangasinan",440.5,352.9,246.7
"Asipulo, Ifugao",1134,876.1,563.6
"Asturias, Cebu",265.7,208.5,139.1
"Asuncion, Davao_del_Norte",483.1,389.7,276.5
"Asuncion, Davao_del_Norte",202.1,165.5,121.1
"Atimonan, Quezon",508.3,404.8,279.5
"Atimonan, Quezon",466.7,369.6,252
"Atok, Benguet",1134,876.1,563.6
"Aurora, Isabela",465.5,367.2,248
"Aurora, Zamboanga_del_Sur",294.4,242,178.5
"Ayungon, Negros_Oriental",227.3,177.2,116.5
"Baao, Camarines_Sur",490.3,386.4,260.5
"Babatngon, Leyte",273,222.6,161.4
"Bacacay, Albay",490.3,386.4,260.5
"Bacarra, Ilocos_Norte",602,479.8,331.7
"Baclayon, Bohol",222.6,176.7,121.2
"Bacnotan, La_Union",1134,876.1,563.6
"Baco, Oriental_Mindoro",434.3,340.4,226.7
"Bacolod_City, Negros_Occidental",304.5,241.5,165.2
"Bacolod_Kalawi, Lanao_del_Sur",255.5,204,141.7
"Bacolod, Lanao_del_Norte",255.5,204,141.7
"Bacolor, Pampanga",415.6,328.8,223.5
"Bacolor, Pampanga",349.3,275.2,185.3
"Bacong, Negros_Oriental",227.3,177.2,116.5
"Bacoor, Cavite",377.6,301.5,209.4
"Bacuag, Surigao_del_Norte",553.9,433,286.5
"Bacungan, Zamboanga_del_Norte",294.4,242,178.5
"Badian, Cebu",227.3,177.2,116.5
"Badian, Cebu",222.6,176.7,121.2
"Badiangan, Iloilo",304.5,241.5,165.2
"Badoc, Ilocos_Norte",602,479.8,331.7
"Bagabag, Nueva_Vizcaya",427.9,345.5,245.6
"Bagabag, Nueva_Vizcaya",1134,876.1,563.6
"Bagac, Bataan",377.6,301.5,209.4
"Bagamanoc, Catanduanes",574.4,449,297
"Baganga, Davao_Oriental",483.1,389.7,276.5
"Baganga, Davao_Oriental",202.1,165.5,121.1
"Baggao, Cagayan",465.5,367.2,248
"Bago_City, Negros_Occidental",304.5,241.5,165.2
"Baguio_City, Benguet",1134,876.1,563.6
"Bagulin, La_Union",1134,876.1,563.6
"Bagumbayan, Sultan_Kudarat",195.2,153.4,102.7
"Bais_City, Negros_Oriental",227.3,177.2,116.5
"Bakun, Benguet",1134,876.1,563.6
"Balabac, Palawan",299.6,234.9,156.4
"Balabagan, Lanao_del_Sur",255.5,204,141.7
"Balagtas, Bulacan",481.2,373.6,243.1
"Balagtas, Bulacan",415.6,328.8,223.5
"Balamban, Cebu",265.7,208.5,139.1
"Balanga_City, Bataan",377.6,301.5,209.4
"Balangiga, Eastern_Samar",409.1,323.8,220.5
"Balangiga, Eastern_Samar",509.4,407.4,283.8
"Balangiga, Eastern_Samar",273,222.6,161.4
"Balangkayan, Eastern_Samar",509.4,407.4,283.8
"Balaoan, La_Union",1134,876.1,563.6
"Balasan, Iloilo",344.6,273,186.2
"Balatan, Camarines_Sur",490.3,386.4,260.5
"Balayan, Batangas",434.3,340.4,226.7
"Balbalan, Kalinga",465.5,367.2,248
"Baleno, Masbate",490.3,386.4,260.5
"Baler, Aurora",551.7,428.2,278.6
"Balete, Aklan",344.6,273,186.2
"Balete, Batangas",434.3,340.4,226.7
"Baliangao, Misamis_Occidental",294.4,242,178.5
"Baliguian, Zamboanga_del_Norte",191.1,153.4,107.8
"Balilihan, Bohol",222.6,176.7,121.2
"Balindong, Lanao_del_Sur",255.5,204,141.7
"Balingasag, Misamis_Oriental",239.7,189.8,129.2
"Balingoan, Misamis_Oriental",239.7,189.8,129.2
"Baliuag, Bulacan",481.2,373.6,243.1
"Ballesteros, Cagayan",484,379.3,252.5
"Baloi, Lanao_del_Norte",255.5,204,141.7
"Balud, Masbate",344.6,273,186.2
"Balungao, Pangasinan",349.3,275.2,185.3
"Balungao, Pangasinan",440.5,352.9,246.7
"Bamban, Tarlac",533.6,431.1,307
"Bamban, Tarlac",349.3,275.2,185.3
"Bambang, Nueva_Vizcaya",1134,876.1,563.6
"Banate, Iloilo",304.5,241.5,165.2
"Banaue, Ifugao",1134,876.1,563.6
"Banaybanay, Davao_Oriental",202.1,165.5,121.1
"Banayoyo, Ilocos_Sur",1134,876.1,563.6
"Banga, Aklan",344.6,273,186.2
"Banga, South_Cotabato",195.2,153.4,102.7
"Bangar, La_Union",1134,876.1,563.6
"Bangued, Abra",602,479.8,331.7
"Bangui, Ilocos_Norte",602,479.8,331.7
"Bani, Pangasinan",440.5,352.9,246.7
"Banisilan, North_Cotabato",265.3,214.8,153.6
"Banisilan, North_Cotabato",202.1,165.5,121.1
"Banna, Ilocos_Norte",602,479.8,331.7
"Bansalan, Davao_del_Sur",202.1,165.5,121.1
"Bansud, Oriental_Mindoro",313.3,249.2,171.6
"Bantay, Ilocos_Sur",602,479.8,331.7
"Bantayan, Cebu",265.7,208.5,139.1
"Banton, Romblon",313.3,249.2,171.6
"Baras, Catanduanes",574.4,449,297
"Baras, Rizal",481.2,373.6,243.1
"Barbaza, Antique",304.5,241.5,165.2
"Barbaza, Antique",344.6,273,186.2
"Barcelona, Sorsogon",490.3,386.4,260.5
"Barili, Cebu",265.7,208.5,139.1
"Barili, Cebu",222.6,176.7,121.2
"Barira, Shariff_Kabunsuan",255.5,204,141.7
"Barlig, Mountain_Province",465.5,367.2,248
"Barlig, Mountain_Province",1134,876.1,563.6
"Barobo, Surigao_del_Sur",483.1,389.7,276.5
"Barotac_Nuevo, Iloilo",304.5,241.5,165.2
"Barotac_Viejo, Iloilo",304.5,241.5,165.2
"Barotac_Viejo, Iloilo",344.6,273,186.2
"Baroy, Lanao_del_Norte",294.4,242,178.5
"Barugo, Leyte",273,222.6,161.4
"Basay, Negros_Oriental",227.3,177.2,116.5
"Basco, Batanes",484,379.3,252.5
"Basey, Samar",509.4,407.4,283.8
"Basey, Samar",273,222.6,161.4
"Basilisa, Dinagat_Islands",553.9,433,286.5
"Basista, Pangasinan",440.5,352.9,246.7
"Basud, Camarines_Norte",520.3,411.1,278.7
"Batac_City, Ilocos_Norte",602,479.8,331.7
"Batad, Iloilo",344.6,273,186.2
"Batan, Aklan",344.6,273,186.2
"Batangas_City, Batangas",434.3,340.4,226.7
"Bataraza, Palawan",299.6,234.9,156.4
"Bato_Lake, Albay",490.3,386.4,260.5
"Bato_Lake, Camarines_Sur",490.3,386.4,260.5
"Bato, Camarines_Sur",490.3,386.4,260.5
"Bato, Catanduanes",574.4,449,297
"Bato, Leyte",316.3,259.6,190.8
"Batuan, Bohol",222.6,176.7,121.2
"Batuan, Masbate",490.3,386.4,260.5
"Bauan, Batangas",434.3,340.4,226.7
"Bauang, La_Union",1134,876.1,563.6
"Bauko, Mountain_Province",1134,876.1,563.6
"Baungon, Bukidnon",255.5,204,141.7
"Baungon, Bukidnon",265.3,214.8,153.6
"Baungon, Bukidnon",239.7,189.8,129.2
"Bautista, Pangasinan",440.5,352.9,246.7
"Bay, Laguna",434.3,340.4,226.7
"Bayabas, Surigao_del_Sur",483.1,389.7,276.5
"Bayambang, Pangasinan",440.5,352.9,246.7
"Bayang, Lanao_del_Sur",255.5,204,141.7
"Bayawan_City, Negros_Oriental",227.3,177.2,116.5
"Baybay_City, Leyte",273,222.6,161.4
"Baybay_City, Leyte",316.3,259.6,190.8
"Bayog, Zamboanga_del_Sur",294.4,242,178.5
"Bayombong, Nueva_Vizcaya",1134,876.1,563.6
"Bayugan_City, Agusan_del_Sur",308.6,248.3,175.2
"Belison, Antique",304.5,241.5,165.2
"Benito_Soliven, Isabela",427.9,345.5,245.6
"Benito_Soliven, Isabela",465.5,367.2,248
"Besao, Mountain_Province",1134,876.1,563.6
"Bien_Unido, Bohol",265.7,208.5,139.1
"Bien_Unido, Bohol",316.3,259.6,190.8
"Bilar, Bohol",222.6,176.7,121.2
"Biliran, Biliran",273,222.6,161.4
"Biliran, Biliran",418.8,331.3,255.3
"Binalbagan, Negros_Occidental",227.3,177.2,116.5
"Binalbagan, Negros_Occidental",304.5,241.5,165.2
"Binalonan, Pangasinan",440.5,352.9,246.7
"Binalonan, Pangasinan",1134,876.1,563.6
"Biñan, Laguna",377.6,301.5,209.4
"Biñan, Laguna",434.3,340.4,226.7
"Binangonan, Rizal",481.2,373.6,243.1
"Binangonan, Rizal",434.3,340.4,226.7
"Bindoy, Negros_Oriental",227.3,177.2,116.5
"Bingawan, Iloilo",304.5,241.5,165.2
"Bingawan, Iloilo",344.6,273,186.2
"Binidayan, Lanao_del_Sur",255.5,204,141.7
"Binmaley, Pangasinan",440.5,352.9,246.7
"Binuangan, Misamis_Oriental",239.7,189.8,129.2
"Biri, Northern_Samar",461.8,368.5,255.4
"Bislig_City, Surigao_del_Sur",483.1,389.7,276.5
"Boac, Marinduque",313.3,249.2,171.6
"Boac, Marinduque",508.3,404.8,279.5
"Boac, Marinduque",466.7,369.6,252
"Bobon, Northern_Samar",461.8,368.5,255.4
"Bocaue, Bulacan",481.2,373.6,243.1
"Bocaue, Bulacan",415.6,328.8,223.5
"Bogo_City, Cebu",265.7,208.5,139.1
"Bokod, Benguet",1134,876.1,563.6
"Bolinao, Pangasinan",440.5,352.9,246.7
"Boliney, Abra",602,479.8,331.7
"Boliney, Abra",465.5,367.2,248
"Boljoon, Cebu",227.3,177.2,116.5
"Boljoon, Cebu",222.6,176.7,121.2
"Bombon, Camarines_Sur",520.3,411.1,278.7
"Bongabon, Nueva_Ecija",349.3,275.2,185.3
"Bongabon, Nueva_Ecija",551.7,428.2,278.6
"Bongabong, Oriental_Mindoro",313.3,249.2,171.6
"Bongao, Tawi_Tawi",191.1,153.4,107.8
"Bonifacio, Misamis_Occidental",294.4,242,178.5
"Bontoc, Mountain_Province",465.5,367.2,248
"Bontoc, Mountain_Province",1134,876.1,563.6
"Bontoc, Southern_Leyte",316.3,259.6,190.8
"Borbon, Cebu",265.7,208.5,139.1
"Borongan_City, Eastern_Samar",509.4,407.4,283.8
"Boston, Davao_Oriental",483.1,389.7,276.5
"Botolan, Zambales",533.6,431.1,307
"Braulio_E_Dujali, Davao_del_Norte",202.1,165.5,121.1
"Brooke's_Point, Palawan",299.6,234.9,156.4
"Buadiposo_Buntong, Lanao_del_Sur",255.5,204,141.7
"Bubong, Lanao_del_Sur",255.5,204,141.7
"Bubong, Lanao_del_Sur",239.7,189.8,129.2
"Bucay, Abra",602,479.8,331.7
"Bucloc, Abra",602,479.8,331.7
"Buenavista, Agusan_del_Norte",308.6,248.3,175.2
"Buenavista, Bohol",265.7,208.5,139.1
"Buenavista, Guimaras",304.5,241.5,165.2
"Buenavista, Marinduque",313.3,249.2,171.6
"Buenavista, Marinduque",508.3,404.8,279.5
"Buenavista, Marinduque",466.7,369.6,252
"Buenavista, Quezon",520.3,411.1,278.7
"Buenavista, Quezon",466.7,369.6,252
"Bugallon, Pangasinan",440.5,352.9,246.7
"Bugasong, Antique",304.5,241.5,165.2
"Buguey, Cagayan",484,379.3,252.5
"Buguias, Benguet",1134,876.1,563.6
"Buhi_Lake, Camarines_Sur",490.3,386.4,260.5
"Buhi, Camarines_Sur",490.3,386.4,260.5
"Bula, Camarines_Sur",490.3,386.4,260.5
"Bulacan, Bulacan",481.2,373.6,243.1
"Bulacan, Bulacan",415.6,328.8,223.5
"Bulalacao, Oriental_Mindoro",313.3,249.2,171.6
"Bulan, Sorsogon",490.3,386.4,260.5
"Buldon, Shariff_Kabunsuan",255.5,204,141.7
"Buldon, Shariff_Kabunsuan",239.7,189.8,129.2
"Buldon, Shariff_Kabunsuan",202.1,165.5,121.1
"Buluan_Lake, Maguindanao",195.2,153.4,102.7
"Buluan_Lake, Sultan_Kudarat",195.2,153.4,102.7
"Buluan, Maguindanao",195.2,153.4,102.7
"Bulusan, Sorsogon",490.3,386.4,260.5
"Bumbaran, Lanao_del_Sur",265.3,214.8,153.6
"Bumbaran, Lanao_del_Sur",239.7,189.8,129.2
"Bunawan, Agusan_del_Sur",483.1,389.7,276.5
"Burauen, Leyte",273,222.6,161.4
"Burdeos, Quezon",404.4,334.4,249.6
"Burgos, Ilocos_Norte",602,479.8,331.7
"Burgos, Ilocos_Sur",602,479.8,331.7
"Burgos, Ilocos_Sur",1134,876.1,563.6
"Burgos, Isabela",465.5,367.2,248
"Burgos, La_Union",1134,876.1,563.6
"Burgos, Pangasinan",440.5,352.9,246.7
"Burgos, Surigao_del_Norte",553.9,433,286.5
"Buruanga, Aklan",313.3,249.2,171.6
"Bustos, Bulacan",481.2,373.6,243.1
"Busuanga, Palawan",299.6,234.9,156.4
"Busuanga, Palawan",434.3,340.4,226.7
"Butig, Lanao_del_Sur",255.5,204,141.7
"Butuan_City, Agusan_del_Norte",308.6,248.3,175.2
"Buug, Zamboanga_Sibugay",294.4,242,178.5
"Caba, La_Union",1134,876.1,563.6
"Cabadbaran_City, Agusan_del_Norte",308.6,248.3,175.2
"Cabagan, Isabela",465.5,367.2,248
"Cabanatuan_City, Nueva_Ecija",349.3,275.2,185.3
"Cabangan, Zambales",533.6,431.1,307
"Cabanglasan, Bukidnon",265.3,214.8,153.6
"Cabarroguis, Quirino",427.9,345.5,245.6
"Cabatuan, Iloilo",304.5,241.5,165.2
"Cabatuan, Isabela",465.5,367.2,248
"Cabiao, Nueva_Ecija",349.3,275.2,185.3
"Cabucgayan, Biliran",273,222.6,161.4
"Cabucgayan, Biliran",418.8,331.3,255.3
"Cabugao, Ilocos_Sur",602,479.8,331.7
"Cabusao, Camarines_Sur",520.3,411.1,278.7
"Cabuyao, Laguna",434.3,340.4,226.7
"Cadiz_City, Negros_Occidental",304.5,241.5,165.2
"Cadiz_City, Negros_Occidental",344.6,273,186.2
"Cagayan_de_Oro_City, Misamis_Oriental",255.5,204,141.7
"Cagayan_de_Oro_City, Misamis_Oriental",239.7,189.8,129.2
"Cagayancillo, Palawan",299.6,234.9,156.4
"Cagayancillo, Palawan",304.5,241.5,165.2
"Cagdianao, Dinagat_Islands",553.9,433,286.5
"Cagwait, Surigao_del_Sur",483.1,389.7,276.5
"Caibiran, Biliran",418.8,331.3,255.3
"Cainta, Rizal",481.2,373.6,243.1
"Cajidiocan, Romblon",313.3,249.2,171.6
"Calabanga, Camarines_Sur",520.3,411.1,278.7
"Calaca, Batangas",434.3,340.4,226.7
"Calamba_City, Laguna",434.3,340.4,226.7
"Calamba, Misamis_Occidental",294.4,242,178.5
"Calanasan, Apayao",602,479.8,331.7
"Calanasan, Apayao",484,379.3,252.5
"Calanogas, Lanao_del_Sur",255.5,204,141.7
"Calapan_City, Oriental_Mindoro",508.3,404.8,279.5
"Calapan_City, Oriental_Mindoro",434.3,340.4,226.7
"Calape, Bohol",222.6,176.7,121.2
"Calasiao, Pangasinan",440.5,352.9,246.7
"Calatagan, Batangas",434.3,340.4,226.7
"Calatrava, Negros_Occidental",265.7,208.5,139.1
"Calatrava, Negros_Occidental",304.5,241.5,165.2
"Calatrava, Romblon",313.3,249.2,171.6
"Calauag, Quezon",466.7,369.6,252
"Calauan, Laguna",508.3,404.8,279.5
"Calauan, Laguna",434.3,340.4,226.7
"Calayan, Cagayan",484,379.3,252.5
"Calbayog_City, Samar",418.8,331.3,255.3
"Calbayog_City, Samar",461.8,368.5,255.4
"Calbiga, Samar",509.4,407.4,283.8
"Calbiga, Samar",273,222.6,161.4
"Calbiga, Samar",418.8,331.3,255.3
"Calinog, Iloilo",304.5,241.5,165.2
"Calinog, Iloilo",344.6,273,186.2
"Calintaan, Occidental_Mindoro",313.3,249.2,171.6
"Calubian, Leyte",273,222.6,161.4
"Calubian, Leyte",418.8,331.3,255.3
"Calumpit, Bulacan",415.6,328.8,223.5
"Caluya, Antique",313.3,249.2,171.6
"Camalaniugan, Cagayan",484,379.3,252.5
"Camalig, Albay",490.3,386.4,260.5
"Camaligan, Camarines_Sur",520.3,411.1,278.7
"Camiling, Tarlac",533.6,431.1,307
"Camiling, Tarlac",440.5,352.9,246.7
"Can_Avid, Eastern_Samar",509.4,407.4,283.8
"Can_Avid, Eastern_Samar",418.8,331.3,255.3
"Canaman, Camarines_Sur",520.3,411.1,278.7
"Candaba, Pampanga",481.2,373.6,243.1
"Candaba, Pampanga",349.3,275.2,185.3
"Candelaria, Quezon",508.3,404.8,279.5
"Candelaria, Zambales",533.6,431.1,307
"Candijay, Bohol",222.6,176.7,121.2
"Candijay, Bohol",316.3,259.6,190.8
"Candon_City, Ilocos_Sur",1134,876.1,563.6
"Candoni, Negros_Occidental",227.3,177.2,116.5
"Candoni, Negros_Occidental",304.5,241.5,165.2
"Canlaon_City, Negros_Oriental",265.7,208.5,139.1
"Canlaon_City, Negros_Oriental",304.5,241.5,165.2
"Cantilan, Surigao_del_Sur",308.6,248.3,175.2
"Cantilan, Surigao_del_Sur",553.9,433,286.5
"Caoayan, Ilocos_Sur",602,479.8,331.7
"Capalonga, Camarines_Norte",520.3,411.1,278.7
"Capalonga, Camarines_Norte",466.7,369.6,252
"Capas, Tarlac",533.6,431.1,307
"Capas, Tarlac",349.3,275.2,185.3
"Capoocan, Leyte",273,222.6,161.4
"Capul, Northern_Samar",461.8,368.5,255.4
"Caraga, Davao_Oriental",483.1,389.7,276.5
"Caraga, Davao_Oriental",202.1,165.5,121.1
"Caramoan, Camarines_Sur",574.4,449,297
"Caramoran, Catanduanes",574.4,449,297
"Carasi, Ilocos_Norte",602,479.8,331.7
"Carcar, Cebu",265.7,208.5,139.1
"Cardona, Rizal",481.2,373.6,243.1
"Cardona, Rizal",434.3,340.4,226.7
"Carigara, Leyte",273,222.6,161.4
"Carles, Iloilo",344.6,273,186.2
"Carmen, Agusan_del_Norte",308.6,248.3,175.2
"Carmen, Bohol",222.6,176.7,121.2
"Carmen, Cebu",265.7,208.5,139.1
"Carmen, Davao_del_Norte",202.1,165.5,121.1
"Carmen, North_Cotabato",202.1,165.5,121.1
"Carmen, Surigao_del_Sur",308.6,248.3,175.2
"Carmona, Cavite",377.6,301.5,209.4
"Carmona, Cavite",434.3,340.4,226.7
"Carranglan, Nueva_Ecija",349.3,275.2,185.3
"Carranglan, Nueva_Ecija",551.7,428.2,278.6
"Carranglan, Nueva_Ecija",1134,876.1,563.6
"Carrascal, Surigao_del_Sur",308.6,248.3,175.2
"Carrascal, Surigao_del_Sur",553.9,433,286.5
"Casiguran, Aurora",427.9,345.5,245.6
"Casiguran, Sorsogon",490.3,386.4,260.5
"Castilla, Sorsogon",490.3,386.4,260.5
"Castillejos, Zambales",533.6,431.1,307
"Cataingan, Masbate",461.8,368.5,255.4
"Catanauan, Quezon",466.7,369.6,252
"Catarman, Camiguin",255.5,204,141.7
"Catarman, Northern_Samar",461.8,368.5,255.4
"Catbalogan_City, Samar",418.8,331.3,255.3
"Cateel, Davao_Oriental",483.1,389.7,276.5
"Catigbian, Bohol",222.6,176.7,121.2
"Catmon, Cebu",265.7,208.5,139.1
"Catubig, Northern_Samar",461.8,368.5,255.4
"Cauayan_City, Isabela",427.9,345.5,245.6
"Cauayan_City, Isabela",465.5,367.2,248
"Cauayan, Negros_Occidental",227.3,177.2,116.5
"Cauayan, Negros_Occidental",304.5,241.5,165.2
"Cavinti, Laguna",508.3,404.8,279.5
"Cavite_City, Cavite",377.6,301.5,209.4
"Cawayan, Masbate",344.6,273,186.2
"Cawayan, Masbate",461.8,368.5,255.4
"Cawayan, Masbate",490.3,386.4,260.5
"Cebu_City, Cebu",265.7,208.5,139.1
"Cervantes, Ilocos_Sur",1134,876.1,563.6
"Clarin, Bohol",265.7,208.5,139.1
"Clarin, Bohol",222.6,176.7,121.2
"Clarin, Misamis_Occidental",294.4,242,178.5
"Claver, Surigao_del_Norte",308.6,248.3,175.2
"Claver, Surigao_del_Norte",553.9,433,286.5
"Claveria, Cagayan",484,379.3,252.5
"Claveria, Masbate",490.3,386.4,260.5
"Claveria, Misamis_Oriental",265.3,214.8,153.6
"Claveria, Misamis_Oriental",239.7,189.8,129.2
"Claveria, Misamis_Oriental",308.6,248.3,175.2
"Columbio, Sultan_Kudarat",195.2,153.4,102.7
"Columbio, Sultan_Kudarat",202.1,165.5,121.1
"Compostela, Cebu",265.7,208.5,139.1
"Compostela, Compostela_Valley",483.1,389.7,276.5
"Compostela, Compostela_Valley",202.1,165.5,121.1
"Concepcion, Iloilo",344.6,273,186.2
"Concepcion, Misamis_Occidental",294.4,242,178.5
"Concepcion, Romblon",313.3,249.2,171.6
"Concepcion, Tarlac",349.3,275.2,185.3
"Conner, Apayao",602,479.8,331.7
"Conner, Apayao",465.5,367.2,248
"Consolacion, Cebu",265.7,208.5,139.1
"Corcuera, Romblon",313.3,249.2,171.6
"Cordoba, Cebu",265.7,208.5,139.1
"Cordon, Isabela",427.9,345.5,245.6
"Corella, Bohol",222.6,176.7,121.2
"Coron, Palawan",299.6,234.9,156.4
"Coron, Palawan",313.3,249.2,171.6
"Coron, Palawan",434.3,340.4,226.7
"Cortes, Bohol",222.6,176.7,121.2
"Cortes, Surigao_del_Sur",308.6,248.3,175.2
"Cotabato_City, Maguindanao",202.1,165.5,121.1
"Cuartero, Capiz",344.6,273,186.2
"Cuenca, Batangas",434.3,340.4,226.7
"Culaba, Biliran",418.8,331.3,255.3
"Culasi, Antique",304.5,241.5,165.2
"Culasi, Antique",344.6,273,186.2
"Culion, Palawan",299.6,234.9,156.4
"Culion, Palawan",313.3,249.2,171.6
"Culion, Palawan",434.3,340.4,226.7
"Currimao, Ilocos_Norte",602,479.8,331.7
"Cuyapo, Nueva_Ecija",349.3,275.2,185.3
"Cuyapo, Nueva_Ecija",440.5,352.9,246.7
"Cuyo, Palawan",304.5,241.5,165.2
"Daanbantayan, Cebu",265.7,208.5,139.1
"Daanbantayan, Cebu",273,222.6,161.4
"Daanbantayan, Cebu",418.8,331.3,255.3
"Daet, Camarines_Norte",520.3,411.1,278.7
"Dagami, Leyte",273,222.6,161.4
"Dagohoy, Bohol",265.7,208.5,139.1
"Dagohoy, Bohol",222.6,176.7,121.2
"Daguioman, Abra",602,479.8,331.7
"Daguioman, Abra",465.5,367.2,248
"Dagupan_City, Pangasinan",440.5,352.9,246.7
"Dalaguete, Cebu",222.6,176.7,121.2
"Damulog, Bukidnon",202.1,165.5,121.1
"Danao_City, Cebu",265.7,208.5,139.1
"Danao_Lake, Cebu",265.7,208.5,139.1
"Danao, Bohol",265.7,208.5,139.1
"Danao, Bohol",222.6,176.7,121.2
"Dangcagan, Bukidnon",265.3,214.8,153.6
"Dangcagan, Bukidnon",202.1,165.5,121.1
"Danglas, Abra",602,479.8,331.7
"Dao, Capiz",344.6,273,186.2
"Dapa, Surigao_del_Norte",553.9,433,286.5
"Dapao_Lake, Lanao_del_Sur",255.5,204,141.7
"Dapitan_City, Zamboanga_del_Norte",294.4,242,178.5
"Daraga, Albay",490.3,386.4,260.5
"Daram, Samar",273,222.6,161.4
"Daram, Samar",418.8,331.3,255.3
"Dasmariñas, Cavite",377.6,301.5,209.4
"Dasmariñas, Cavite",434.3,340.4,226.7
"Dasol, Pangasinan",533.6,431.1,307
"Dasol, Pangasinan",440.5,352.9,246.7
"Datu_Abdullah_Sanki, Maguindanao",195.2,153.4,102.7
"Datu_Abdullah_Sanki, Maguindanao",202.1,165.5,121.1
"Datu_Anggal_Midtimbang, Maguindanao",202.1,165.5,121.1
"Datu_Blah_T_Sinsuat, Shariff_Kabunsuan",195.2,153.4,102.7
"Datu_Blah_T_Sinsuat, Shariff_Kabunsuan",202.1,165.5,121.1
"Datu_Odin_Sinsuat, Shariff_Kabunsuan",195.2,153.4,102.7
"Datu_Odin_Sinsuat, Shariff_Kabunsuan",202.1,165.5,121.1
"Datu_Paglas, Maguindanao",195.2,153.4,102.7
"Datu_Piang, Maguindanao",202.1,165.5,121.1
"Datu_Saudi_Ampatuan, Maguindanao",195.2,153.4,102.7
"Datu_Saudi_Ampatuan, Maguindanao",202.1,165.5,121.1
"Datu_Unsay, Maguindanao",195.2,153.4,102.7
"Datu_Unsay, Maguindanao",202.1,165.5,121.1
"Dauin, Negros_Oriental",227.3,177.2,116.5
"Dauis, Bohol",222.6,176.7,121.2
"Davao_City, Davao_del_Sur",202.1,165.5,121.1
"Del_Carmen, Surigao_del_Norte",553.9,433,286.5
"Del_Gallego, Camarines_Sur",520.3,411.1,278.7
"Delfin_Albano, Isabela",465.5,367.2,248
"Diadi, Nueva_Vizcaya",427.9,345.5,245.6
"Diadi, Nueva_Vizcaya",1134,876.1,563.6
"Diffun, Quirino",427.9,345.5,245.6
"Digos_City, Davao_del_Sur",202.1,165.5,121.1
"Dilasag, Aurora",427.9,345.5,245.6
"Dimasalang, Masbate",461.8,368.5,255.4
"Dimataling, Zamboanga_del_Sur",294.4,242,178.5
"Dimiao, Bohol",222.6,176.7,121.2
"Dinagat, Dinagat_Islands",553.9,433,286.5
"Dinalungan, Aurora",427.9,345.5,245.6
"Dinalupihan, Bataan",377.6,301.5,209.4
"Dinalupihan, Bataan",415.6,328.8,223.5
"Dinalupihan, Bataan",533.6,431.1,307
"Dinapigue, Isabela",427.9,345.5,245.6
"Dinas, Zamboanga_del_Sur",294.4,242,178.5
"Dingalan, Aurora",404.4,334.4,249.6
"Dingalan, Aurora",349.3,275.2,185.3
"Dingalan, Aurora",551.7,428.2,278.6
"Dingle, Iloilo",304.5,241.5,165.2
"Dingras, Ilocos_Norte",602,479.8,331.7
"Dipaculao, Aurora",427.9,345.5,245.6
"Dipaculao, Aurora",551.7,428.2,278.6
"Diplahan, Zamboanga_Sibugay",294.4,242,178.5
"Dipolog_City, Zamboanga_del_Norte",294.4,242,178.5
"Ditsaan_Ramain, Lanao_del_Sur",255.5,204,141.7
"Divilacan, Isabela",465.5,367.2,248
"Dolores, Abra",602,479.8,331.7
"Dolores, Eastern_Samar",509.4,407.4,283.8
"Dolores, Eastern_Samar",418.8,331.3,255.3
"Dolores, Quezon",508.3,404.8,279.5
"Don_Carlos, Bukidnon",265.3,214.8,153.6
"Don_Marcelino, Davao_del_Sur",195.2,153.4,102.7
"Don_Victoriano_Chiongbian, Misamis_Occidental",294.4,242,178.5
"Doña_Remedios_Trinidad, Bulacan",481.2,373.6,243.1
"Doña_Remedios_Trinidad, Bulacan",404.4,334.4,249.6
"Doña_Remedios_Trinidad, Bulacan",349.3,275.2,185.3
"Donsol, Sorsogon",490.3,386.4,260.5
"Duenas, Iloilo",304.5,241.5,165.2
"Duero, Bohol",222.6,176.7,121.2
"Dulag, Leyte",273,222.6,161.4
"Dumaguete_City, Negros_Oriental",227.3,177.2,116.5
"Dumalag, Capiz",344.6,273,186.2
"Dumalinao, Zamboanga_del_Sur",294.4,242,178.5
"Dumalneg, Ilocos_Norte",602,479.8,331.7
"Dumangas, Iloilo",304.5,241.5,165.2
"Dumanjug, Cebu",265.7,208.5,139.1
"Dumanjug, Cebu",222.6,176.7,121.2
"Dumaran, Palawan",299.6,234.9,156.4
"Dumarao, Capiz",344.6,273,186.2
"Dumingag, Zamboanga_del_Sur",294.4,242,178.5
"Dupax_Del_Norte, Nueva_Vizcaya",551.7,428.2,278.6
"Dupax_Del_Norte, Nueva_Vizcaya",1134,876.1,563.6
"Dupax_Del_Sur, Nueva_Vizcaya",551.7,428.2,278.6
"Dupax_Del_Sur, Nueva_Vizcaya",1134,876.1,563.6
"Echague, Isabela",427.9,345.5,245.6
"El_Nido, Palawan",299.6,234.9,156.4
"El_Salvador_City, Misamis_Oriental",255.5,204,141.7
"Enrile, Cagayan",465.5,367.2,248
"Enrique_B_Magalona, Negros_Occidental",304.5,241.5,165.2
"Enrique_Villanueva, Siquijor",227.3,177.2,116.5
"Escalante_City, Negros_Occidental",265.7,208.5,139.1
"Esperanza, Agusan_del_Sur",265.3,214.8,153.6
"Esperanza, Agusan_del_Sur",308.6,248.3,175.2
"Esperanza, Masbate",418.8,331.3,255.3
"Esperanza, Masbate",461.8,368.5,255.4
"Esperanza, Sultan_Kudarat",195.2,153.4,102.7
"Estancia, Iloilo",344.6,273,186.2
"Famy, Laguna",404.4,334.4,249.6
"Ferrol, Romblon",313.3,249.2,171.6
"Flora, Apayao",465.5,367.2,248
"Flora, Apayao",484,379.3,252.5
"Floridablanca, Pampanga",415.6,328.8,223.5
"Floridablanca, Pampanga",533.6,431.1,307
"Gabaldon, Nueva_Ecija",349.3,275.2,185.3
"Gabaldon, Nueva_Ecija",551.7,428.2,278.6
"Gainza, Camarines_Sur",520.3,411.1,278.7
"Galimuyod, Ilocos_Sur",1134,876.1,563.6
"Gamay, Northern_Samar",418.8,331.3,255.3
"Gamay, Northern_Samar",461.8,368.5,255.4
"Gamu, Isabela",465.5,367.2,248
"Ganassi, Lanao_del_Sur",255.5,204,141.7
"Gandara, Samar",418.8,331.3,255.3
"Gandara, Samar",461.8,368.5,255.4
"Gapan_City, Nueva_Ecija",349.3,275.2,185.3
"Garchitorena, Camarines_Sur",520.3,411.1,278.7
"Garchitorena, Camarines_Sur",574.4,449,297
"Garcia_Hernandez, Bohol",222.6,176.7,121.2
"Gasan, Marinduque",313.3,249.2,171.6
"Gasan, Marinduque",508.3,404.8,279.5
"Gattaran, Cagayan",465.5,367.2,248
"Gattaran, Cagayan",484,379.3,252.5
"Gen_S_K_Pendatun, Maguindanao",195.2,153.4,102.7
"Gen_S_K_Pendatun, Maguindanao",202.1,165.5,121.1
"General_Emilio_Aguinaldo, Cavite",377.6,301.5,209.4
"General_Emilio_Aguinaldo, Cavite",434.3,340.4,226.7
"General_Luna, Quezon",466.7,369.6,252
"General_Luna, Surigao_del_Norte",553.9,433,286.5
"General_Macarthur, Eastern_Samar",409.1,323.8,220.5
"General_Macarthur, Eastern_Samar",509.4,407.4,283.8
"General_Mamerto_Natividad, Nueva_Ecija",349.3,275.2,185.3
"General_Mariano_Alvarez, Cavite",377.6,301.5,209.4
"General_Mariano_Alvarez, Cavite",434.3,340.4,226.7
"General_Nakar, Quezon",481.2,373.6,243.1
"General_Nakar, Quezon",404.4,334.4,249.6
"General_Nakar, Quezon",349.3,275.2,185.3
"General_Santos_City, South_Cotabato",195.2,153.4,102.7
"General_Tinio, Nueva_Ecija",349.3,275.2,185.3
"General_Tinio, Nueva_Ecija",551.7,428.2,278.6
"General_Trias, Cavite",377.6,301.5,209.4
"General_Trias, Cavite",434.3,340.4,226.7
"Gerona, Tarlac",533.6,431.1,307
"Gerona, Tarlac",349.3,275.2,185.3
"Gerona, Tarlac",440.5,352.9,246.7
"Gigaquit, Surigao_del_Norte",553.9,433,286.5
"Gigmoto, Catanduanes",574.4,449,297
"Ginatilan, Cebu",227.3,177.2,116.5
"Gingoog_City, Misamis_Oriental",265.3,214.8,153.6
"Gingoog_City, Misamis_Oriental",239.7,189.8,129.2
"Gingoog_City, Misamis_Oriental",308.6,248.3,175.2
"Giporlos, Eastern_Samar",409.1,323.8,220.5
"Giporlos, Eastern_Samar",509.4,407.4,283.8
"Gitagum, Misamis_Oriental",255.5,204,141.7
"Glan, Sarangani",195.2,153.4,102.7
"Gloria, Oriental_Mindoro",313.3,249.2,171.6
"Goa, Camarines_Sur",520.3,411.1,278.7
"Goa, Camarines_Sur",490.3,386.4,260.5
"Godod, Zamboanga_del_Norte",294.4,242,178.5
"Gonzaga, Cagayan",465.5,367.2,248
"Gonzaga, Cagayan",484,379.3,252.5
"Governor_Generoso, Davao_Oriental",195.2,153.4,102.7
"Governor_Generoso, Davao_Oriental",202.1,165.5,121.1
"Gregorio_Del_Pilar, Ilocos_Sur",1134,876.1,563.6
"Guagua, Pampanga",415.6,328.8,223.5
"Gubat, Sorsogon",490.3,386.4,260.5
"Guiguinto, Bulacan",481.2,373.6,243.1
"Guiguinto, Bulacan",415.6,328.8,223.5
"Guihulngan_City, Negros_Oriental",265.7,208.5,139.1
"Guihulngan_City, Negros_Oriental",227.3,177.2,116.5
"Guihulngan_City, Negros_Oriental",222.6,176.7,121.2
"Guihulngan_City, Negros_Oriental",304.5,241.5,165.2
"Guimba, Nueva_Ecija",349.3,275.2,185.3
"Guimbal, Iloilo",304.5,241.5,165.2
"Guinayangan, Quezon",520.3,411.1,278.7
"Guinayangan, Quezon",466.7,369.6,252
"Guindulman, Bohol",222.6,176.7,121.2
"Guindulman, Bohol",316.3,259.6,190.8
"Guindulungan, Maguindanao",195.2,153.4,102.7
"Guindulungan, Maguindanao",202.1,165.5,121.1
"Guinobatan, Albay",490.3,386.4,260.5
"Guinsiliban, Camiguin",239.7,189.8,129.2
"Guipos, Zamboanga_del_Sur",294.4,242,178.5
"Guiuan, Eastern_Samar",409.1,323.8,220.5
"Gumaca, Quezon",466.7,369.6,252
"Gutalac, Zamboanga_del_Norte",294.4,242,178.5
"Gutalac, Zamboanga_del_Norte",191.1,153.4,107.8
"Hadji_Mohammad_Ajul, Basilan",191.1,153.4,107.8
"Hadji_Panglima_Tahil, Sulu",191.1,153.4,107.8
"Hagonoy, Bulacan",415.6,328.8,223.5
"Hagonoy, Davao_del_Sur",195.2,153.4,102.7
"Hagonoy, Davao_del_Sur",202.1,165.5,121.1
"Hamtic, Antique",304.5,241.5,165.2
"Hermosa, Bataan",377.6,301.5,209.4
"Hermosa, Bataan",415.6,328.8,223.5
"Hermosa, Bataan",533.6,431.1,307
"Hernani, Eastern_Samar",509.4,407.4,283.8
"Hilongos, Leyte",316.3,259.6,190.8
"Himamaylan_City, Negros_Occidental",227.3,177.2,116.5
"Himamaylan_City, Negros_Occidental",304.5,241.5,165.2
"Hinabangan, Samar",509.4,407.4,283.8
"Hinabangan, Samar",418.8,331.3,255.3
"Hinatuan, Surigao_del_Sur",483.1,389.7,276.5
"Hindang, Leyte",316.3,259.6,190.8
"Hingyon, Ifugao",1134,876.1,563.6
"Hinigaran, Negros_Occidental",304.5,241.5,165.2
"Hinoba_An, Negros_Occidental",227.3,177.2,116.5
"Hinunangan, Quezon",316.3,259.6,190.8
"Hinunangan, Southern_Leyte",316.3,259.6,190.8
"Hinundayan, Southern_Leyte",316.3,259.6,190.8
"Hungduan, Ifugao",1134,876.1,563.6
"Iba, Zambales",533.6,431.1,307
"Ibaan, Batangas",434.3,340.4,226.7
"Ibajay, Aklan",344.6,273,186.2
"Igbaras, Iloilo",304.5,241.5,165.2
"Iguig, Cagayan",465.5,367.2,248
"Ilagan, Isabela",465.5,367.2,248
"Iligan_City, Lanao_del_Norte",255.5,204,141.7
"Iligan_City, Lanao_del_Norte",239.7,189.8,129.2
"Ilog, Negros_Occidental",227.3,177.2,116.5
"Ilog, Negros_Occidental",304.5,241.5,165.2
"Iloilo_City, Iloilo",304.5,241.5,165.2
"Imelda, Zamboanga_Sibugay",294.4,242,178.5
"Imelda, Zamboanga_Sibugay",191.1,153.4,107.8
"Impasug_Ong, Bukidnon",265.3,214.8,153.6
"Imus, Cavite",377.6,301.5,209.4
"Inabanga, Bohol",265.7,208.5,139.1
"Inabanga, Bohol",222.6,176.7,121.2
"Indanan, Sulu",191.1,153.4,107.8
"Indang, Cavite",377.6,301.5,209.4
"Indang, Cavite",434.3,340.4,226.7
"Infanta, Pangasinan",533.6,431.1,307
"Infanta, Pangasinan",440.5,352.9,246.7
"Infanta, Quezon",404.4,334.4,249.6
"Initao, Misamis_Oriental",255.5,204,141.7
"Inopacan, Leyte",316.3,259.6,190.8
"Ipil, Zamboanga_Sibugay",191.1,153.4,107.8
"Iriga_City, Camarines_Sur",490.3,386.4,260.5
"Irosin, Sorsogon",490.3,386.4,260.5
"Isabel, Leyte",273,222.6,161.4
"Isabela_City, Basilan",191.1,153.4,107.8
"Isabela, Negros_Occidental",304.5,241.5,165.2
"Isulan, Sultan_Kudarat",195.2,153.4,102.7
"Itbayat, Batanes",484,379.3,252.5
"Itogon, Benguet",1134,876.1,563.6
"Ivana, Batanes",484,379.3,252.5
"Ivisan, Capiz",344.6,273,186.2
"Jabonga, Agusan_del_Norte",308.6,248.3,175.2
"Jabonga, Agusan_del_Norte",553.9,433,286.5
"Jaen, Nueva_Ecija",349.3,275.2,185.3
"Jagna, Bohol",222.6,176.7,121.2
"Jala_Jala, Rizal",508.3,404.8,279.5
"Jala_Jala, Rizal",481.2,373.6,243.1
"Jala_Jala, Rizal",434.3,340.4,226.7
"Jamindan, Capiz",304.5,241.5,165.2
"Jamindan, Capiz",344.6,273,186.2
"Janiuay, Iloilo",304.5,241.5,165.2
"Jaro, Leyte",273,222.6,161.4
"Jasaan, Misamis_Oriental",239.7,189.8,129.2
"Javier, Leyte",273,222.6,161.4
"Javier, Leyte",316.3,259.6,190.8
"Jetafe, Bohol",265.7,208.5,139.1
"Jiabong, Samar",418.8,331.3,255.3
"Jimalalud, Negros_Oriental",227.3,177.2,116.5
"Jimenez, Misamis_Occidental",294.4,242,178.5
"Jipapad, Eastern_Samar",418.8,331.3,255.3
"Jipapad, Eastern_Samar",461.8,368.5,255.4
"Jolo, Sulu",191.1,153.4,107.8
"Jomalig, Quezon",466.7,369.6,252
"Jones, Isabela",427.9,345.5,245.6
"Jordan, Guimaras",304.5,241.5,165.2
"Jose_Abad_Santos, Davao_del_Sur",195.2,153.4,102.7
"Jose_Dalman, Zamboanga_del_Norte",294.4,242,178.5
"Jose_Panganiban, Camarines_Norte",520.3,411.1,278.7
"Josefina, Zamboanga_del_Sur",294.4,242,178.5
"Jovellar, Albay",490.3,386.4,260.5
"Juban, Sorsogon",490.3,386.4,260.5
"Julita, Leyte",273,222.6,161.4
"Kabacan, North_Cotabato",202.1,165.5,121.1
"Kabankalan_City, Negros_Occidental",227.3,177.2,116.5
"Kabankalan_City, Negros_Occidental",304.5,241.5,165.2
"Kabasalan, Zamboanga_Sibugay",294.4,242,178.5
"Kabasalan, Zamboanga_Sibugay",191.1,153.4,107.8
"Kabayan, Benguet",1134,876.1,563.6
"Kabugao, Apayao",602,479.8,331.7
"Kabugao, Apayao",465.5,367.2,248
"Kabugao, Apayao",484,379.3,252.5
"Kabuntalan, Shariff_Kabunsuan",202.1,165.5,121.1
"Kadingilan, Bukidnon",265.3,214.8,153.6
"Kadingilan, Bukidnon",202.1,165.5,121.1
"Kalamansig, Sultan_Kudarat",195.2,153.4,102.7
"Kalawit, Zamboanga_del_Norte",294.4,242,178.5
"Kalawit, Zamboanga_del_Norte",191.1,153.4,107.8
"Kalayaan, Laguna",508.3,404.8,279.5
"Kalibato_Lake, Laguna",508.3,404.8,279.5
"Kalibo, Aklan",344.6,273,186.2
"Kalilangan, Bukidnon",265.3,214.8,153.6
"Kalilangan, Bukidnon",239.7,189.8,129.2
"Kalingalan_Caluang, Sulu",191.1,153.4,107.8
"Kalookan_City, Metropolitan_Manila",481.2,373.6,243.1
"Kalookan_City, Metropolitan_Manila",415.6,328.8,223.5
"Kananga, Leyte",273,222.6,161.4
"Kapai, Lanao_del_Sur",255.5,204,141.7
"Kapalong, Davao_del_Norte",265.3,214.8,153.6
"Kapalong, Davao_del_Norte",202.1,165.5,121.1
"Kapangan, Benguet",1134,876.1,563.6
"Kapatagan, Lanao_del_Norte",294.4,242,178.5
"Kapatagan, Lanao_del_Sur",255.5,204,141.7
"Kasibu, Nueva_Vizcaya",427.9,345.5,245.6
"Kasibu, Nueva_Vizcaya",551.7,428.2,278.6
"Kasibu, Nueva_Vizcaya",1134,876.1,563.6
"Katipunan, Zamboanga_del_Norte",294.4,242,178.5
"Kauswagan, Lanao_del_Norte",255.5,204,141.7
"Kawayan, Biliran",418.8,331.3,255.3
"Kawit, Cavite",377.6,301.5,209.4
"Kayapa, Nueva_Vizcaya",1134,876.1,563.6
"Kiamba, Sarangani",195.2,153.4,102.7
"Kiangan, Ifugao",1134,876.1,563.6
"Kibawe, Bukidnon",202.1,165.5,121.1
"Kiblawan, Davao_del_Sur",195.2,153.4,102.7
"Kibungan, Benguet",1134,876.1,563.6
"Kidapawan_City, North_Cotabato",202.1,165.5,121.1
"Kinoguitan, Misamis_Oriental",239.7,189.8,129.2
"Kitaotao, Bukidnon",265.3,214.8,153.6
"Kitaotao, Bukidnon",202.1,165.5,121.1
"Kitcharao, Agusan_del_Norte",553.9,433,286.5
"Kolambugan, Lanao_del_Norte",294.4,242,178.5
"Koronadal_City, South_Cotabato",195.2,153.4,102.7
"Kumalarang, Zamboanga_del_Sur",294.4,242,178.5
"La_Carlota_City, Negros_Occidental",304.5,241.5,165.2
"La_Castellana, Negros_Occidental",304.5,241.5,165.2
"La_Libertad, Negros_Oriental",227.3,177.2,116.5
"La_Libertad, Negros_Oriental",222.6,176.7,121.2
"La_Libertad, Negros_Oriental",304.5,241.5,165.2
"La_Libertad, Zamboanga_del_Norte",294.4,242,178.5
"La_Paz, Abra",602,479.8,331.7
"La_Paz, Agusan_del_Sur",483.1,389.7,276.5
"La_Paz, Agusan_del_Sur",265.3,214.8,153.6
"La_Paz, Agusan_del_Sur",308.6,248.3,175.2
"La_Paz, Leyte",273,222.6,161.4
"La_Paz, Tarlac",349.3,275.2,185.3
"La_Trinidad, Benguet",1134,876.1,563.6
"Laak, Compostela_Valley",483.1,389.7,276.5
"Laak, Compostela_Valley",265.3,214.8,153.6
"Laak, Compostela_Valley",202.1,165.5,121.1
"Labangan, Zamboanga_del_Sur",294.4,242,178.5
"Labason, Zamboanga_del_Norte",294.4,242,178.5
"Labason, Zamboanga_del_Norte",191.1,153.4,107.8
"Labo, Camarines_Norte",520.3,411.1,278.7
"Labo, Camarines_Norte",466.7,369.6,252
"Labrador, Pangasinan",440.5,352.9,246.7
"Lacub, Abra",602,479.8,331.7
"Lacub, Abra",465.5,367.2,248
"Lagangilang, Abra",602,479.8,331.7
"Lagawe, Ifugao",1134,876.1,563.6
"Lagayan, Abra",602,479.8,331.7
"Lagonglong, Misamis_Oriental",239.7,189.8,129.2
"Lagonoy, Camarines_Sur",520.3,411.1,278.7
"Lagonoy, Camarines_Sur",574.4,449,297
"Lagonoy, Camarines_Sur",490.3,386.4,260.5
"Laguindingan, Misamis_Oriental",255.5,204,141.7
"Laguna_lake, Laguna",377.6,301.5,209.4
"Laguna_lake, Laguna",508.3,404.8,279.5
"Laguna_lake, Laguna",481.2,373.6,243.1
"Laguna_lake, Laguna",404.4,334.4,249.6
"Laguna_lake, Laguna",415.6,328.8,223.5
"Laguna_lake, Laguna",434.3,340.4,226.7
"Lake_Sebu, South_Cotabato",195.2,153.4,102.7
"Lakewood_Lake, Zamboanga_del_Sur",294.4,242,178.5
"Lakewood, Zamboanga_del_Sur",294.4,242,178.5
"Lal_Lo, Cagayan",465.5,367.2,248
"Lal_Lo, Cagayan",484,379.3,252.5
"Lala, Lanao_del_Norte",294.4,242,178.5
"Lambayong, Sultan_Kudarat",195.2,153.4,102.7
"Lambayong, Sultan_Kudarat",202.1,165.5,121.1
"Lambunao, Iloilo",304.5,241.5,165.2
"Lambunao, Iloilo",344.6,273,186.2
"Lamitan_City, Basilan",191.1,153.4,107.8
"Lamut, Ifugao",1134,876.1,563.6
"Lanao_Lake, Lanao_del_Sur",255.5,204,141.7
"Langiden, Abra",602,479.8,331.7
"Languyan, Tawi_Tawi",191.1,153.4,107.8
"Lantapan, Bukidnon",265.3,214.8,153.6
"Lantawan, Basilan",191.1,153.4,107.8
"Lanuza, Surigao_del_Sur",308.6,248.3,175.2
"Laoac, Pangasinan",440.5,352.9,246.7
"Laoag_City, Ilocos_Norte",602,479.8,331.7
"Laoang, Northern_Samar",461.8,368.5,255.4
"Lapinig, Northern_Samar",418.8,331.3,255.3
"Lapinig, Northern_Samar",461.8,368.5,255.4
"Lapu_Lapu_City, Cebu",265.7,208.5,139.1
"Lapuyan, Zamboanga_del_Sur",294.4,242,178.5
"Larena, Siquijor",227.3,177.2,116.5
"Las_Navas, Northern_Samar",418.8,331.3,255.3
"Las_Navas, Northern_Samar",461.8,368.5,255.4
"Las_Nieves, Agusan_del_Norte",308.6,248.3,175.2
"Las_Piñas, Metropolitan_Manila",377.6,301.5,209.4
"Lasam, Cagayan",465.5,367.2,248
"Lasam, Cagayan",484,379.3,252.5
"Laua_An, Antique",304.5,241.5,165.2
"Laua_An, Antique",344.6,273,186.2
"Laur, Nueva_Ecija",349.3,275.2,185.3
"Laurel, Batangas",434.3,340.4,226.7
"Lavezares, Northern_Samar",461.8,368.5,255.4
"Lawaan, Eastern_Samar",509.4,407.4,283.8
"Lawaan, Eastern_Samar",273,222.6,161.4
"Lazi, Siquijor",227.3,177.2,116.5
"Lebak, Sultan_Kudarat",195.2,153.4,102.7
"Leganes, Iloilo",304.5,241.5,165.2
"Legazpi_City, Albay",490.3,386.4,260.5
"Lemery, Batangas",434.3,340.4,226.7
"Lemery, Iloilo",344.6,273,186.2
"Leon, Iloilo",304.5,241.5,165.2
"Leyte, Leyte",273,222.6,161.4
"Lezo, Aklan",344.6,273,186.2
"Lian, Batangas",434.3,340.4,226.7
"Lianga, Surigao_del_Sur",483.1,389.7,276.5
"Libacao, Aklan",344.6,273,186.2
"Libagon, Southern_Leyte",316.3,259.6,190.8
"Libertad, Antique",344.6,273,186.2
"Libertad, Antique",313.3,249.2,171.6
"Libertad, Misamis_Oriental",255.5,204,141.7
"Libjo, Dinagat_Islands",553.9,433,286.5
"Libmanan, Camarines_Sur",520.3,411.1,278.7
"Libon, Albay",490.3,386.4,260.5
"Libona, Bukidnon",265.3,214.8,153.6
"Libona, Bukidnon",239.7,189.8,129.2
"Libungan, North_Cotabato",202.1,165.5,121.1
"Licab, Nueva_Ecija",349.3,275.2,185.3
"Licuan_Baay, Abra",602,479.8,331.7
"Licuan_Baay, Abra",465.5,367.2,248
"Lidlidda, Ilocos_Sur",1134,876.1,563.6
"Ligao_City, Albay",490.3,386.4,260.5
"Lila, Bohol",222.6,176.7,121.2
"Liliw, Laguna",508.3,404.8,279.5
"Liloan, Cebu",265.7,208.5,139.1
"Liloan, Southern_Leyte",316.3,259.6,190.8
"Liloy, Zamboanga_del_Norte",294.4,242,178.5
"Limasawa, Southern_Leyte",316.3,259.6,190.8
"Limay, Bataan",377.6,301.5,209.4
"Linamon, Lanao_del_Norte",255.5,204,141.7
"Linapacan, Palawan",299.6,234.9,156.4
"Lingayen, Pangasinan",440.5,352.9,246.7
"Lingig, Surigao_del_Sur",483.1,389.7,276.5
"Lipa_City, Batangas",434.3,340.4,226.7
"Llanera, Nueva_Ecija",349.3,275.2,185.3
"Llorente, Eastern_Samar",509.4,407.4,283.8
"Loay, Bohol",222.6,176.7,121.2
"Lobo, Batangas",508.3,404.8,279.5
"Lobo, Batangas",434.3,340.4,226.7
"Loboc, Bohol",222.6,176.7,121.2
"Looc, Occidental_Mindoro",434.3,340.4,226.7
"Looc, Romblon",313.3,249.2,171.6
"Loon, Bohol",222.6,176.7,121.2
"Lope_de_Vega, Northern_Samar",461.8,368.5,255.4
"Lopez_Jaena, Misamis_Occidental",294.4,242,178.5
"Lopez, Quezon",466.7,369.6,252
"Loreto, Agusan_del_Sur",483.1,389.7,276.5
"Loreto, Agusan_del_Sur",265.3,214.8,153.6
"Loreto, Dinagat_Islands",409.1,323.8,220.5
"Loreto, Dinagat_Islands",553.9,433,286.5
"Los_Baños, Laguna",434.3,340.4,226.7
"Luba, Abra",602,479.8,331.7
"Luba, Abra",1134,876.1,563.6
"Lubang, Occidental_Mindoro",377.6,301.5,209.4
"Lubang, Occidental_Mindoro",434.3,340.4,226.7
"Lubao, Pampanga",415.6,328.8,223.5
"Lubuagan, Kalinga",465.5,367.2,248
"Lubuagan, Kalinga",1134,876.1,563.6
"Lucban, Quezon",508.3,404.8,279.5
"Lucena_City, Quezon",508.3,404.8,279.5
"Lugait, Misamis_Oriental",255.5,204,141.7
"Lugus, Sulu",191.1,153.4,107.8
"Luisiana, Laguna",508.3,404.8,279.5
"Lumba_Bayabao, Lanao_del_Sur",255.5,204,141.7
"Lumba_Bayabao, Lanao_del_Sur",239.7,189.8,129.2
"Lumbaca_Unayan, Lanao_del_Sur",255.5,204,141.7
"Lumban, Laguna",508.3,404.8,279.5
"Lumbatan, Lanao_del_Sur",255.5,204,141.7
"Lumbayanague, Lanao_del_Sur",255.5,204,141.7
"Luna, Apayao",484,379.3,252.5
"Luna, Isabela",465.5,367.2,248
"Luna, La_Union",1134,876.1,563.6
"Lupao, Nueva_Ecija",349.3,275.2,185.3
"Lupi, Camarines_Sur",520.3,411.1,278.7
"Lupon, Davao_Oriental",202.1,165.5,121.1
"Lutayan, Sultan_Kudarat",195.2,153.4,102.7
"Luuk, Sulu",191.1,153.4,107.8
"M'Lang, North_Cotabato",202.1,165.5,121.1
"Ma_Ayon, Capiz",344.6,273,186.2
"Maasim, Sarangani",195.2,153.4,102.7
"Maasin_City, Southern_Leyte",316.3,259.6,190.8
"Maasin, Iloilo",304.5,241.5,165.2
"Mabalacat, Pampanga",533.6,431.1,307
"Mabalacat, Pampanga",349.3,275.2,185.3
"Mabinay, Negros_Oriental",227.3,177.2,116.5
"Mabini, Batangas",434.3,340.4,226.7
"Mabini, Bohol",316.3,259.6,190.8
"Mabini, Compostela_Valley",202.1,165.5,121.1
"Mabini, Pangasinan",440.5,352.9,246.7
"Mabitac, Laguna",508.3,404.8,279.5
"Mabitac, Laguna",481.2,373.6,243.1
"Mabitac, Laguna",404.4,334.4,249.6
"Mabuhay, Zamboanga_Sibugay",191.1,153.4,107.8
"Macabebe, Pampanga",415.6,328.8,223.5
"Macalelon, Quezon",466.7,369.6,252
"Macarthur, Leyte",273,222.6,161.4
"Maco, Compostela_Valley",202.1,165.5,121.1
"Maconacon, Isabela",465.5,367.2,248
"Macrohon, Southern_Leyte",316.3,259.6,190.8
"Madalag, Aklan",344.6,273,186.2
"Madalum, Lanao_del_Sur",255.5,204,141.7
"Madamba, Lanao_del_Sur",255.5,204,141.7
"Maddela, Quirino",427.9,345.5,245.6
"Madrid, Surigao_del_Sur",308.6,248.3,175.2
"Madridejos, Cebu",265.7,208.5,139.1
"Magalang, Pampanga",349.3,275.2,185.3
"Magallanes, Agusan_del_Norte",308.6,248.3,175.2
"Magallanes, Cavite",377.6,301.5,209.4
"Magallanes, Cavite",434.3,340.4,226.7
"Magallanes, Sorsogon",490.3,386.4,260.5
"Magarao, Camarines_Sur",520.3,411.1,278.7
"Magdalena, Laguna",508.3,404.8,279.5
"Magdiwang, Romblon",313.3,249.2,171.6
"Magpet, North_Cotabato",202.1,165.5,121.1
"Magsaysay, Davao_del_Sur",195.2,153.4,102.7
"Magsaysay, Davao_del_Sur",202.1,165.5,121.1
"Magsaysay, Lanao_del_Norte",294.4,242,178.5
"Magsaysay, Lanao_del_Norte",255.5,204,141.7
"Magsaysay, Misamis_Oriental",308.6,248.3,175.2
"Magsaysay, Occidental_Mindoro",313.3,249.2,171.6
"Magsaysay, Palawan",304.5,241.5,165.2
"Magsingal, Ilocos_Sur",602,479.8,331.7
"Maguing, Lanao_del_Sur",255.5,204,141.7
"Maguing, Lanao_del_Sur",239.7,189.8,129.2
"Mahaplag, Leyte",316.3,259.6,190.8
"Mahatao, Batanes",484,379.3,252.5
"Mahayag, Zamboanga_del_Sur",294.4,242,178.5
"Mahinog, Camiguin",255.5,204,141.7
"Mahinog, Camiguin",239.7,189.8,129.2
"Maigo, Lanao_del_Norte",294.4,242,178.5
"Maigo, Lanao_del_Norte",255.5,204,141.7
"Maimbung, Sulu",191.1,153.4,107.8
"Mainit_Lake, Agusan_del_Norte",308.6,248.3,175.2
"Mainit_Lake, Agusan_del_Norte",553.9,433,286.5
"Mainit_Lake, Surigao_del_Norte",553.9,433,286.5
"Mainit, Surigao_del_Norte",553.9,433,286.5
"Maitum, Sarangani",195.2,153.4,102.7
"Majayjay, Laguna",508.3,404.8,279.5
"Makati_City, Metropolitan_Manila",481.2,373.6,243.1
"Makati_City, Metropolitan_Manila",415.6,328.8,223.5
"Makato, Aklan",344.6,273,186.2
"Makilala, North_Cotabato",202.1,165.5,121.1
"Malabang, Lanao_del_Sur",255.5,204,141.7
"Malabon, Metropolitan_Manila",481.2,373.6,243.1
"Malabon, Metropolitan_Manila",415.6,328.8,223.5
"Malabuyoc, Cebu",227.3,177.2,116.5
"Malalag, Davao_del_Sur",195.2,153.4,102.7
"Malangas, Zamboanga_Sibugay",294.4,242,178.5
"Malangas, Zamboanga_Sibugay",191.1,153.4,107.8
"Malapatan, Sarangani",195.2,153.4,102.7
"Malasiqui, Pangasinan",440.5,352.9,246.7
"Malay, Aklan",313.3,249.2,171.6
"Malaybalay_City, Bukidnon",265.3,214.8,153.6
"Malibcong, Abra",602,479.8,331.7
"Malibcong, Abra",465.5,367.2,248
"Malilipot, Albay",490.3,386.4,260.5
"Malimono, Surigao_del_Norte",553.9,433,286.5
"Malinao, Aklan",344.6,273,186.2
"Malinao, Albay",490.3,386.4,260.5
"Malita, Davao_del_Sur",195.2,153.4,102.7
"Malitbog, Bukidnon",265.3,214.8,153.6
"Malitbog, Bukidnon",239.7,189.8,129.2
"Malitbog, Southern_Leyte",316.3,259.6,190.8
"Mallig, Isabela",465.5,367.2,248
"Malolos_City, Bulacan",415.6,328.8,223.5
"Malungon, Sarangani",195.2,153.4,102.7
"Maluso, Basilan",191.1,153.4,107.8
"Malvar, Batangas",434.3,340.4,226.7
"Mamasapano, Maguindanao",195.2,153.4,102.7
"Mamasapano, Maguindanao",202.1,165.5,121.1
"Mambajao, Camiguin",255.5,204,141.7
"Mambajao, Camiguin",239.7,189.8,129.2
"Mamburao, Occidental_Mindoro",434.3,340.4,226.7
"Mambusao, Capiz",344.6,273,186.2
"Manabo, Abra",602,479.8,331.7
"Manaoag, Pangasinan",440.5,352.9,246.7
"Manapla, Negros_Occidental",304.5,241.5,165.2
"Manay, Davao_Oriental",483.1,389.7,276.5
"Manay, Davao_Oriental",202.1,165.5,121.1
"Mandaluyong, Metropolitan_Manila",481.2,373.6,243.1
"Mandaluyong, Metropolitan_Manila",415.6,328.8,223.5
"Mandaon, Masbate",344.6,273,186.2
"Mandaon, Masbate",490.3,386.4,260.5
"Mandaue_City, Cebu",265.7,208.5,139.1
"Mangaldan, Pangasinan",440.5,352.9,246.7
"Mangatarem, Pangasinan",533.6,431.1,307
"Mangatarem, Pangasinan",440.5,352.9,246.7
"Mangudadatu, Maguindanao",195.2,153.4,102.7
"Manila, Metropolitan_Manila",415.6,328.8,223.5
"Manito, Albay",490.3,386.4,260.5
"Manjuyod, Negros_Oriental",227.3,177.2,116.5
"Mankayan, Benguet",1134,876.1,563.6
"Manolo_Fortich, Bukidnon",265.3,214.8,153.6
"Manolo_Fortich, Bukidnon",239.7,189.8,129.2
"Mansalay, Oriental_Mindoro",313.3,249.2,171.6
"Manticao, Misamis_Oriental",255.5,204,141.7
"Manukan, Zamboanga_del_Norte",294.4,242,178.5
"Mapanas, Northern_Samar",461.8,368.5,255.4
"Mapandan, Pangasinan",440.5,352.9,246.7
"Mapun, Tawi_Tawi",299.6,234.9,156.4
"Marabut, Samar",509.4,407.4,283.8
"Marabut, Samar",273,222.6,161.4
"Maragondon, Cavite",377.6,301.5,209.4
"Maragondon, Cavite",434.3,340.4,226.7
"Maragusan, Compostela_Valley",202.1,165.5,121.1
"Maramag, Bukidnon",265.3,214.8,153.6
"Marantao, Lanao_del_Sur",255.5,204,141.7
"Marawi_City, Lanao_del_Sur",255.5,204,141.7
"Marcos, Ilocos_Norte",602,479.8,331.7
"Margosatubig, Zamboanga_del_Sur",294.4,242,178.5
"Maria_Aurora, Aurora",551.7,428.2,278.6
"Maria, Siquijor",227.3,177.2,116.5
"Maribojoc, Bohol",222.6,176.7,121.2
"Marihatag, Surigao_del_Sur",483.1,389.7,276.5
"Marihatag, Surigao_del_Sur",308.6,248.3,175.2
"Marikina, Metropolitan_Manila",481.2,373.6,243.1
"Marilao, Bulacan",481.2,373.6,243.1
"Marilao, Bulacan",415.6,328.8,223.5
"Maripipi, Biliran",418.8,331.3,255.3
"Mariveles, Bataan",377.6,301.5,209.4
"Marogong, Lanao_del_Sur",255.5,204,141.7
"Masantol, Pampanga",415.6,328.8,223.5
"Masbate_City, Masbate",490.3,386.4,260.5
"Masinloc, Zambales",533.6,431.1,307
"Masiu, Lanao_del_Sur",255.5,204,141.7
"Maslog, Eastern_Samar",418.8,331.3,255.3
"Mataas_Na_Kahoy, Batangas",434.3,340.4,226.7
"Matag_Ob, Leyte",273,222.6,161.4
"Matalam, North_Cotabato",202.1,165.5,121.1
"Matalom, Leyte",316.3,259.6,190.8
"Matanao, Davao_del_Sur",195.2,153.4,102.7
"Matanao, Davao_del_Sur",202.1,165.5,121.1
"Matanog, Shariff_Kabunsuan",255.5,204,141.7
"Mati_City, Davao_Oriental",195.2,153.4,102.7
"Mati_City, Davao_Oriental",202.1,165.5,121.1
"Matnog, Sorsogon",461.8,368.5,255.4
"Matnog, Sorsogon",490.3,386.4,260.5
"Matuguinao, Samar",418.8,331.3,255.3
"Matuguinao, Samar",461.8,368.5,255.4
"Matungao, Lanao_del_Norte",255.5,204,141.7
"Mauban, Quezon",508.3,404.8,279.5
"Mauban, Quezon",404.4,334.4,249.6
"Mauban, Quezon",466.7,369.6,252
"Mawab, Compostela_Valley",202.1,165.5,121.1
"Mayantoc, Tarlac",533.6,431.1,307
"Mayantoc, Tarlac",440.5,352.9,246.7
"Maydolong, Eastern_Samar",509.4,407.4,283.8
"Mayorga, Leyte",273,222.6,161.4
"Mayoyao, Ifugao",427.9,345.5,245.6
"Mayoyao, Ifugao",465.5,367.2,248
"Mayoyao, Ifugao",1134,876.1,563.6
"Medellin, Cebu",265.7,208.5,139.1
"Medina, Misamis_Oriental",239.7,189.8,129.2
"Medina, Misamis_Oriental",308.6,248.3,175.2
"Mendez, Cavite",434.3,340.4,226.7
"Mercedes, Camarines_Norte",520.3,411.1,278.7
"Mercedes, Eastern_Samar",409.1,323.8,220.5
"Merida, Leyte",273,222.6,161.4
"Mexico, Pampanga",481.2,373.6,243.1
"Mexico, Pampanga",415.6,328.8,223.5
"Mexico, Pampanga",349.3,275.2,185.3
"Meycauayan_City, Bulacan",481.2,373.6,243.1
"Meycauayan_City, Bulacan",415.6,328.8,223.5
"Miagao, Iloilo",304.5,241.5,165.2
"Midsalip, Zamboanga_del_Sur",294.4,242,178.5
"Midsayap, North_Cotabato",202.1,165.5,121.1
"Milagros, Masbate",344.6,273,186.2
"Milagros, Masbate",490.3,386.4,260.5
"Milaor, Camarines_Sur",520.3,411.1,278.7
"Mina, Iloilo",304.5,241.5,165.2
"Minalabac, Camarines_Sur",520.3,411.1,278.7
"Minalabac, Camarines_Sur",490.3,386.4,260.5
"Minalin, Pampanga",415.6,328.8,223.5
"Minglanilla, Cebu",265.7,208.5,139.1
"Moalboal, Cebu",222.6,176.7,121.2
"Mobo, Masbate",490.3,386.4,260.5
"Mogpog, Marinduque",508.3,404.8,279.5
"Mogpog, Marinduque",466.7,369.6,252
"Moises_Padilla, Negros_Occidental",265.7,208.5,139.1
"Moises_Padilla, Negros_Occidental",304.5,241.5,165.2
"Molave, Zamboanga_del_Sur",294.4,242,178.5
"Moncada, Tarlac",440.5,352.9,246.7
"Mondragon, Northern_Samar",461.8,368.5,255.4
"Monkayo, Compostela_Valley",483.1,389.7,276.5
"Monkayo, Compostela_Valley",202.1,165.5,121.1
"Monreal, Masbate",490.3,386.4,260.5
"Montevista, Compostela_Valley",483.1,389.7,276.5
"Montevista, Compostela_Valley",202.1,165.5,121.1
"Morong, Bataan",377.6,301.5,209.4
"Morong, Bataan",533.6,431.1,307
"Morong, Rizal",481.2,373.6,243.1
"Motiong, Samar",418.8,331.3,255.3
"Mulanay, Quezon",520.3,411.1,278.7
"Mulanay, Quezon",466.7,369.6,252
"Mulondo, Lanao_del_Sur",255.5,204,141.7
"Munai, Lanao_del_Norte",255.5,204,141.7
"Muñoz_City, Nueva_Ecija",349.3,275.2,185.3
"Muntinlupa, Metropolitan_Manila",377.6,301.5,209.4
"Muntinlupa, Metropolitan_Manila",415.6,328.8,223.5
"Murcia, Negros_Occidental",304.5,241.5,165.2
"Mutia, Zamboanga_del_Norte",294.4,242,178.5
"Naawan, Misamis_Oriental",255.5,204,141.7
"Nabas, Aklan",344.6,273,186.2
"Nabas, Aklan",313.3,249.2,171.6
"Nabua, Camarines_Sur",490.3,386.4,260.5
"Nabunturan, Compostela_Valley",202.1,165.5,121.1
"Naga_City, Camarines_Sur",520.3,411.1,278.7
"Naga_City, Cebu",265.7,208.5,139.1
"Naga, Zamboanga_Sibugay",294.4,242,178.5
"Naga, Zamboanga_Sibugay",191.1,153.4,107.8
"Nagbukel, Ilocos_Sur",602,479.8,331.7
"Nagcarlan, Laguna",508.3,404.8,279.5
"Nagcarlan, Laguna",434.3,340.4,226.7
"Nagtipunan, Quirino",427.9,345.5,245.6
"Nagtipunan, Quirino",551.7,428.2,278.6
"Naguilian, Isabela",465.5,367.2,248
"Naguilian, La_Union",1134,876.1,563.6
"Naic, Cavite",377.6,301.5,209.4
"Nampicuan, Nueva_Ecija",349.3,275.2,185.3
"Nampicuan, Nueva_Ecija",440.5,352.9,246.7
"Narra, Palawan",299.6,234.9,156.4
"Narvacan, Ilocos_Sur",602,479.8,331.7
"Nasipit, Agusan_del_Norte",308.6,248.3,175.2
"Nasugbu, Batangas",377.6,301.5,209.4
"Nasugbu, Batangas",434.3,340.4,226.7
"Natividad, Pangasinan",440.5,352.9,246.7
"Natividad, Pangasinan",1134,876.1,563.6
"Natonin, Mountain_Province",465.5,367.2,248
"Naujan_Lake, Oriental_Mindoro",508.3,404.8,279.5
"Naujan, Oriental_Mindoro",508.3,404.8,279.5
"Naujan, Oriental_Mindoro",434.3,340.4,226.7
"Naval, Biliran",418.8,331.3,255.3
"Navotas, Metropolitan_Manila",415.6,328.8,223.5
"New_Bataan, Compostela_Valley",483.1,389.7,276.5
"New_Bataan, Compostela_Valley",202.1,165.5,121.1
"New_Corella, Davao_del_Norte",202.1,165.5,121.1
"New_Lucena, Iloilo",304.5,241.5,165.2
"New_Washington, Aklan",344.6,273,186.2
"Norala, South_Cotabato",195.2,153.4,102.7
"Northern_Kabuntalan, Shariff_Kabunsuan",202.1,165.5,121.1
"Norzagaray, Bulacan",481.2,373.6,243.1
"Norzagaray, Bulacan",404.4,334.4,249.6
"Noveleta, Cavite",377.6,301.5,209.4
"Nueva_Era, Ilocos_Norte",602,479.8,331.7
"Nueva_Valencia, Guimaras",304.5,241.5,165.2
"Numancia, Aklan",344.6,273,186.2
"Nunungan, Lanao_del_Norte",294.4,242,178.5
"Nunungan, Lanao_del_Norte",255.5,204,141.7
"Oas, Albay",490.3,386.4,260.5
"Obando, Bulacan",415.6,328.8,223.5
"Ocampo, Camarines_Sur",520.3,411.1,278.7
"Ocampo, Camarines_Sur",490.3,386.4,260.5
"Odiongan, Romblon",313.3,249.2,171.6
"Old_Panamao, Sulu",191.1,153.4,107.8
"Olongapo_City, Zambales",415.6,328.8,223.5
"Olongapo_City, Zambales",533.6,431.1,307
"Olutanga, Zamboanga_Sibugay",191.1,153.4,107.8
"Opol, Misamis_Oriental",255.5,204,141.7
"Orani, Bataan",377.6,301.5,209.4
"Orani, Bataan",415.6,328.8,223.5
"Oras, Eastern_Samar",509.4,407.4,283.8
"Oras, Eastern_Samar",418.8,331.3,255.3
"Orion, Bataan",377.6,301.5,209.4
"Ormoc_City, Leyte",273,222.6,161.4
"Oroquieta_City, Misamis_Occidental",294.4,242,178.5
"Oslob, Cebu",227.3,177.2,116.5
"Oton, Iloilo",304.5,241.5,165.2
"Ozamis_City, Misamis_Occidental",294.4,242,178.5
"Padada, Davao_del_Sur",195.2,153.4,102.7
"Padre_Burgos, Quezon",508.3,404.8,279.5
"Padre_Burgos, Quezon",466.7,369.6,252
"Padre_Burgos, Southern_Leyte",316.3,259.6,190.8
"Padre_Garcia, Batangas",434.3,340.4,226.7
"Paete, Laguna",508.3,404.8,279.5
"Paete, Laguna",404.4,334.4,249.6
"Pagadian_City, Zamboanga_del_Sur",294.4,242,178.5
"Pagagawan, Maguindanao",202.1,165.5,121.1
"Pagalungan, Maguindanao",202.1,165.5,121.1
"Pagayawan, Lanao_del_Sur",255.5,204,141.7
"Pagbilao, Quezon",508.3,404.8,279.5
"Paglat, Maguindanao",195.2,153.4,102.7
"Paglat, Maguindanao",202.1,165.5,121.1
"Pagsanghan, Samar",418.8,331.3,255.3
"Pagsanjan, Laguna",508.3,404.8,279.5
"Pagudpud, Ilocos_Norte",602,479.8,331.7
"Pagudpud, Ilocos_Norte",484,379.3,252.5
"Pakil, Laguna",508.3,404.8,279.5
"Pakil, Laguna",481.2,373.6,243.1
"Pakil, Laguna",404.4,334.4,249.6
"Palakpakin_Lake, Laguna",434.3,340.4,226.7
"Palanan, Isabela",427.9,345.5,245.6
"Palanan, Isabela",465.5,367.2,248
"Palanas, Masbate",461.8,368.5,255.4
"Palapag, Northern_Samar",461.8,368.5,255.4
"Palauig, Zambales",533.6,431.1,307
"Palayan_City, Nueva_Ecija",349.3,275.2,185.3
"Palimbang, Sultan_Kudarat",195.2,153.4,102.7
"Palo, Leyte",273,222.6,161.4
"Palompon, Leyte",273,222.6,161.4
"Paluan, Occidental_Mindoro",434.3,340.4,226.7
"Pambujan, Northern_Samar",461.8,368.5,255.4
"Pamplona, Cagayan",484,379.3,252.5
"Pamplona, Camarines_Sur",520.3,411.1,278.7
"Pamplona, Negros_Oriental",227.3,177.2,116.5
"Panabo_City, Davao_del_Norte",202.1,165.5,121.1
"Panaon, Misamis_Occidental",294.4,242,178.5
"Panay, Capiz",344.6,273,186.2
"Pandag, Maguindanao",195.2,153.4,102.7
"Pandami, Sulu",191.1,153.4,107.8
"Pandan, Antique",344.6,273,186.2
"Pandan, Antique",313.3,249.2,171.6
"Pandan, Catanduanes",574.4,449,297
"Pandi, Bulacan",481.2,373.6,243.1
"Panganiban, Catanduanes",574.4,449,297
"Pangantucan, Bukidnon",265.3,214.8,153.6
"Pangantucan, Bukidnon",239.7,189.8,129.2
"Pangantucan, Bukidnon",202.1,165.5,121.1
"Pangil, Laguna",508.3,404.8,279.5
"Pangil, Laguna",481.2,373.6,243.1
"Pangil, Laguna",404.4,334.4,249.6
"Panglao, Bohol",222.6,176.7,121.2
"Panglima_Estino, Sulu",191.1,153.4,107.8
"Panglima_Sugala, Tawi_Tawi",191.1,153.4,107.8
"Pangutaran, Sulu",191.1,153.4,107.8
"Paniqui, Tarlac",349.3,275.2,185.3
"Paniqui, Tarlac",440.5,352.9,246.7
"Panitan, Capiz",344.6,273,186.2
"Pantabangan, Nueva_Ecija",349.3,275.2,185.3
"Pantabangan, Nueva_Ecija",551.7,428.2,278.6
"Pantao_Ragat, Lanao_del_Norte",255.5,204,141.7
"Pantar, Lanao_del_Norte",255.5,204,141.7
"Pantukan, Compostela_Valley",202.1,165.5,121.1
"Panukulan, Quezon",404.4,334.4,249.6
"Paoay_Lake, Ilocos_Norte",602,479.8,331.7
"Paoay, Ilocos_Norte",602,479.8,331.7
"Paombong, Bulacan",415.6,328.8,223.5
"Paracale, Camarines_Norte",520.3,411.1,278.7
"Paracelis, Mountain_Province",465.5,367.2,248
"Parañaque, Metropolitan_Manila",377.6,301.5,209.4
"Parañaque, Metropolitan_Manila",415.6,328.8,223.5
"Paranas, Samar",509.4,407.4,283.8
"Paranas, Samar",418.8,331.3,255.3
"Parang, Shariff_Kabunsuan",255.5,204,141.7
"Parang, Shariff_Kabunsuan",202.1,165.5,121.1
"Parang, Sulu",191.1,153.4,107.8
"Pasacao, Camarines_Sur",520.3,411.1,278.7
"Pasay_City, Metropolitan_Manila",415.6,328.8,223.5
"Pasig_City, Metropolitan_Manila",481.2,373.6,243.1
"Pasig_City, Metropolitan_Manila",415.6,328.8,223.5
"Pasil, Kalinga",465.5,367.2,248
"Passi_City, Iloilo",304.5,241.5,165.2
"Passi_City, Iloilo",344.6,273,186.2
"Pastrana, Leyte",273,222.6,161.4
"Pasuquin, Ilocos_Norte",602,479.8,331.7
"Pata, Sulu",191.1,153.4,107.8
"Pateros, Metropolitan_Manila",481.2,373.6,243.1
"Pateros, Metropolitan_Manila",415.6,328.8,223.5
"Patikul, Sulu",191.1,153.4,107.8
"Patnanungan, Quezon",404.4,334.4,249.6
"Patnongon, Antique",304.5,241.5,165.2
"Pavia, Iloilo",304.5,241.5,165.2
"Payao, Zamboanga_Sibugay",294.4,242,178.5
"Payao, Zamboanga_Sibugay",191.1,153.4,107.8
"Peñablanca, Cagayan",465.5,367.2,248
"Peñaranda, Nueva_Ecija",349.3,275.2,185.3
"Peñarrubia, Abra",602,479.8,331.7
"Perez, Quezon",466.7,369.6,252
"Piagapo, Lanao_del_Sur",255.5,204,141.7
"Piat, Cagayan",465.5,367.2,248
"Picong, Lanao_del_Sur",294.4,242,178.5
"Picong, Lanao_del_Sur",255.5,204,141.7
"Piddig, Ilocos_Norte",602,479.8,331.7
"Pidigan, Abra",602,479.8,331.7
"Pigkawayan, North_Cotabato",202.1,165.5,121.1
"Pikit, North_Cotabato",202.1,165.5,121.1
"Pila, Laguna",508.3,404.8,279.5
"Pila, Laguna",434.3,340.4,226.7
"Pilar, Abra",602,479.8,331.7
"Pilar, Bataan",377.6,301.5,209.4
"Pilar, Bohol",265.7,208.5,139.1
"Pilar, Bohol",222.6,176.7,121.2
"Pilar, Bohol",316.3,259.6,190.8
"Pilar, Capiz",344.6,273,186.2
"Pilar, Cebu",265.7,208.5,139.1
"Pilar, Cebu",273,222.6,161.4
"Pilar, Sorsogon",490.3,386.4,260.5
"Pilar, Surigao_del_Norte",553.9,433,286.5
"Pili, Camarines_Sur",520.3,411.1,278.7
"Pili, Camarines_Sur",490.3,386.4,260.5
"Pililla, Rizal",481.2,373.6,243.1
"Pinabacdao, Samar",509.4,407.4,283.8
"Pinabacdao, Samar",273,222.6,161.4
"Pinabacdao, Samar",418.8,331.3,255.3
"Pinamalayan, Oriental_Mindoro",313.3,249.2,171.6
"Pinamalayan, Oriental_Mindoro",508.3,404.8,279.5
"Pinamungahan, Cebu",265.7,208.5,139.1
"Pinan, Zamboanga_del_Norte",294.4,242,178.5
"Pinili, Ilocos_Norte",602,479.8,331.7
"Pintuyan, Southern_Leyte",553.9,433,286.5
"Pintuyan, Southern_Leyte",316.3,259.6,190.8
"Pinukpuk, Kalinga",465.5,367.2,248
"Pio_Duran, Albay",490.3,386.4,260.5
"Pio_V_Corpuz, Masbate",418.8,331.3,255.3
"Pio_V_Corpuz, Masbate",461.8,368.5,255.4
"Pitogo, Quezon",466.7,369.6,252
"Pitogo, Zamboanga_del_Sur",294.4,242,178.5
"Placer, Masbate",461.8,368.5,255.4
"Placer, Surigao_del_Norte",553.9,433,286.5
"Plaridel, Bulacan",481.2,373.6,243.1
"Plaridel, Bulacan",415.6,328.8,223.5
"Plaridel, Misamis_Occidental",294.4,242,178.5
"Plaridel, Quezon",466.7,369.6,252
"Pola, Oriental_Mindoro",313.3,249.2,171.6
"Pola, Oriental_Mindoro",508.3,404.8,279.5
"Polanco, Zamboanga_del_Norte",294.4,242,178.5
"Polangui, Albay",490.3,386.4,260.5
"Polillo, Quezon",404.4,334.4,249.6
"Polillo, Quezon",466.7,369.6,252
"Polomolok, South_Cotabato",195.2,153.4,102.7
"Pontevedra, Capiz",344.6,273,186.2
"Pontevedra, Negros_Occidental",304.5,241.5,165.2
"Poona_Bayabao, Lanao_del_Sur",255.5,204,141.7
"Poona_Piagapo, Lanao_del_Norte",255.5,204,141.7
"Porac, Pampanga",415.6,328.8,223.5
"Porac, Pampanga",533.6,431.1,307
"Porac, Pampanga",349.3,275.2,185.3
"Poro, Cebu",265.7,208.5,139.1
"Pototan, Iloilo",304.5,241.5,165.2
"Pozzorubio, Pangasinan",440.5,352.9,246.7
"Pres_Carlos_P_Garcia, Bohol",316.3,259.6,190.8
"Pres_Manuel_A_Roxas, Zamboanga_del_Norte",294.4,242,178.5
"Presentacion, Camarines_Sur",574.4,449,297
"President_Quirino, Sultan_Kudarat",195.2,153.4,102.7
"President_Roxas, Capiz",344.6,273,186.2
"President_Roxas, North_Cotabato",202.1,165.5,121.1
"Prieto_Diaz, Sorsogon",490.3,386.4,260.5
"Prosperidad, Agusan_del_Sur",483.1,389.7,276.5
"Prosperidad, Agusan_del_Sur",308.6,248.3,175.2
"Pualas, Lanao_del_Sur",255.5,204,141.7
"Pudtol, Apayao",484,379.3,252.5
"Puerto_Galera, Oriental_Mindoro",434.3,340.4,226.7
"Puerto_Princesa_City, Palawan",299.6,234.9,156.4
"Pugo, La_Union",1134,876.1,563.6
"Pulilan, Bulacan",481.2,373.6,243.1
"Pulilan, Bulacan",415.6,328.8,223.5
"Pulupandan, Negros_Occidental",304.5,241.5,165.2
"Pura, Tarlac",349.3,275.2,185.3
"Quezon_City, Metropolitan_Manila",481.2,373.6,243.1
"Quezon_City, Metropolitan_Manila",415.6,328.8,223.5
"Quezon, Bukidnon",265.3,214.8,153.6
"Quezon, Bukidnon",202.1,165.5,121.1
"Quezon, Isabela",465.5,367.2,248
"Quezon, Nueva_Ecija",349.3,275.2,185.3
"Quezon, Nueva_Vizcaya",427.9,345.5,245.6
"Quezon, Nueva_Vizcaya",551.7,428.2,278.6
"Quezon, Nueva_Vizcaya",1134,876.1,563.6
"Quezon, Palawan",299.6,234.9,156.4
"Quezon, Quezon",466.7,369.6,252
"Quinapondan, Eastern_Samar",409.1,323.8,220.5
"Quinapondan, Eastern_Samar",509.4,407.4,283.8
"Quirino, Ilocos_Sur",1134,876.1,563.6
"Quirino, Isabela",465.5,367.2,248
"Ragay, Camarines_Sur",520.3,411.1,278.7
"Rajah_Buayan, Maguindanao",195.2,153.4,102.7
"Rajah_Buayan, Maguindanao",202.1,165.5,121.1
"Ramon_Magsaysay, Zamboanga_del_Sur",294.4,242,178.5
"Ramon, Isabela",427.9,345.5,245.6
"Ramon, Isabela",465.5,367.2,248
"Ramos, Tarlac",349.3,275.2,185.3
"Rapu_Rapu, Albay",574.4,449,297
"Rapu_Rapu, Albay",490.3,386.4,260.5
"Real, Quezon",404.4,334.4,249.6
"Reina_Mercedes, Isabela",465.5,367.2,248
"Remedios_T_Romualdez, Agusan_del_Norte",308.6,248.3,175.2
"Rizal, Cagayan",465.5,367.2,248
"Rizal, Kalinga",465.5,367.2,248
"Rizal, Laguna",508.3,404.8,279.5
"Rizal, Nueva_Ecija",349.3,275.2,185.3
"Rizal, Occidental_Mindoro",313.3,249.2,171.6
"Rizal, Palawan",299.6,234.9,156.4
"Rizal, Zamboanga_del_Norte",294.4,242,178.5
"Rodriguez, Rizal",481.2,373.6,243.1
"Rodriguez, Rizal",404.4,334.4,249.6
"Romblon, Romblon",313.3,249.2,171.6
"Ronda, Cebu",222.6,176.7,121.2
"Rosales, Pangasinan",440.5,352.9,246.7
"Rosario, Agusan_del_Sur",483.1,389.7,276.5
"Rosario, Batangas",508.3,404.8,279.5
"Rosario, Batangas",434.3,340.4,226.7
"Rosario, Cavite",377.6,301.5,209.4
"Rosario, La_Union",440.5,352.9,246.7
"Rosario, La_Union",1134,876.1,563.6
"Rosario, Northern_Samar",461.8,368.5,255.4
"Roseller_Lim, Zamboanga_Sibugay",191.1,153.4,107.8
"Roxas_City, Capiz",344.6,273,186.2
"Roxas, Isabela",465.5,367.2,248
"Roxas, Oriental_Mindoro",313.3,249.2,171.6
"Roxas, Palawan",299.6,234.9,156.4
"Sabangan, Mountain_Province",1134,876.1,563.6
"Sablan, Benguet",1134,876.1,563.6
"Sablayan, Occidental_Mindoro",313.3,249.2,171.6
"Sablayan, Occidental_Mindoro",508.3,404.8,279.5
"Sablayan, Occidental_Mindoro",434.3,340.4,226.7
"Sabtang, Batanes",484,379.3,252.5
"Sadanga, Mountain_Province",465.5,367.2,248
"Sadanga, Mountain_Province",1134,876.1,563.6
"Sagada, Mountain_Province",1134,876.1,563.6
"Sagay_City, Negros_Occidental",265.7,208.5,139.1
"Sagay_City, Negros_Occidental",304.5,241.5,165.2
"Sagay, Camiguin",255.5,204,141.7
"Sagay, Camiguin",239.7,189.8,129.2
"Sagbayan, Bohol",222.6,176.7,121.2
"Sagnay, Camarines_Sur",490.3,386.4,260.5
"Saguday, Quirino",427.9,345.5,245.6
"Saguiaran, Lanao_del_Sur",255.5,204,141.7
"Saint_Bernard, Southern_Leyte",316.3,259.6,190.8
"Salay, Misamis_Oriental",239.7,189.8,129.2
"Salcedo, Eastern_Samar",409.1,323.8,220.5
"Salcedo, Ilocos_Sur",1134,876.1,563.6
"Sallapadan, Abra",602,479.8,331.7
"Salug, Zamboanga_del_Norte",294.4,242,178.5
"Salvador_Benedicto, Negros_Occidental",265.7,208.5,139.1
"Salvador_Benedicto, Negros_Occidental",304.5,241.5,165.2
"Salvador, Lanao_del_Norte",294.4,242,178.5
"Samal_City, Davao_del_Norte",202.1,165.5,121.1
"Samal, Bataan",377.6,301.5,209.4
"Samboan, Cebu",227.3,177.2,116.5
"Sampaloc_Lake, Laguna",508.3,404.8,279.5
"Sampaloc_Lake, Laguna",434.3,340.4,226.7
"Sampaloc, Quezon",508.3,404.8,279.5
"San_Agustin, Isabela",427.9,345.5,245.6
"San_Agustin, Romblon",313.3,249.2,171.6
"San_Agustin, Surigao_del_Sur",483.1,389.7,276.5
"San_Agustin, Surigao_del_Sur",308.6,248.3,175.2
"San_Andres, Catanduanes",574.4,449,297
"San_Andres, Quezon",520.3,411.1,278.7
"San_Andres, Quezon",313.3,249.2,171.6
"San_Andres, Romblon",313.3,249.2,171.6
"San_Antonio, Northern_Samar",461.8,368.5,255.4
"San_Antonio, Nueva_Ecija",349.3,275.2,185.3
"San_Antonio, Quezon",508.3,404.8,279.5
"San_Antonio, Quezon",434.3,340.4,226.7
"San_Antonio, Zambales",533.6,431.1,307
"San_Benito, Surigao_del_Norte",553.9,433,286.5
"San_Carlos_City, Negros_Occidental",265.7,208.5,139.1
"San_Carlos_City, Negros_Occidental",304.5,241.5,165.2
"San_Carlos_City, Pangasinan",440.5,352.9,246.7
"San_Clemente, Tarlac",533.6,431.1,307
"San_Clemente, Tarlac",440.5,352.9,246.7
"San_Dionisio, Iloilo",344.6,273,186.2
"San_Emilio, Ilocos_Sur",602,479.8,331.7
"San_Emilio, Ilocos_Sur",1134,876.1,563.6
"San_Enrique, Iloilo",304.5,241.5,165.2
"San_Enrique, Iloilo",344.6,273,186.2
"San_Enrique, Negros_Occidental",304.5,241.5,165.2
"San_Esteban, Ilocos_Sur",602,479.8,331.7
"San_Fabian, Pangasinan",440.5,352.9,246.7
"San_Felipe, Zambales",533.6,431.1,307
"San_Fernando_City, La_Union",1134,876.1,563.6
"San_Fernando_City, Pampanga",415.6,328.8,223.5
"San_Fernando_City, Pampanga",349.3,275.2,185.3
"San_Fernando, Bukidnon",265.3,214.8,153.6
"San_Fernando, Bukidnon",202.1,165.5,121.1
"San_Fernando, Camarines_Sur",520.3,411.1,278.7
"San_Fernando, Cebu",265.7,208.5,139.1
"San_Fernando, Masbate",490.3,386.4,260.5
"San_Fernando, Romblon",313.3,249.2,171.6
"San_Francisco, Agusan_del_Sur",483.1,389.7,276.5
"San_Francisco, Agusan_del_Sur",308.6,248.3,175.2
"San_Francisco, Cebu",265.7,208.5,139.1
"San_Francisco, Quezon",520.3,411.1,278.7
"San_Francisco, Quezon",313.3,249.2,171.6
"San_Francisco, Southern_Leyte",316.3,259.6,190.8
"San_Francisco, Surigao_del_Norte",553.9,433,286.5
"San_Gabriel, La_Union",1134,876.1,563.6
"San_Guillermo, Isabela",427.9,345.5,245.6
"San_Ildefonso, Bulacan",481.2,373.6,243.1
"San_Ildefonso, Bulacan",349.3,275.2,185.3
"San_Ildefonso, Ilocos_Sur",602,479.8,331.7
"San_Isidro, Abra",602,479.8,331.7
"San_Isidro, Bohol",222.6,176.7,121.2
"San_Isidro, Davao_del_Norte",265.3,214.8,153.6
"San_Isidro, Davao_del_Norte",202.1,165.5,121.1
"San_Isidro, Davao_Oriental",202.1,165.5,121.1
"San_Isidro, Isabela",427.9,345.5,245.6
"San_Isidro, Leyte",273,222.6,161.4
"San_Isidro, Leyte",418.8,331.3,255.3
"San_Isidro, Northern_Samar",461.8,368.5,255.4
"San_Isidro, Nueva_Ecija",349.3,275.2,185.3
"San_Isidro, Surigao_del_Norte",553.9,433,286.5
"San_Jacinto, Masbate",490.3,386.4,260.5
"San_Jacinto, Pangasinan",440.5,352.9,246.7
"San_Joaquin, Iloilo",304.5,241.5,165.2
"San_Jorge, Samar",418.8,331.3,255.3
"San_Jose_City, Nueva_Ecija",349.3,275.2,185.3
"San_Jose_de_Buan, Samar",418.8,331.3,255.3
"San_Jose_del_Monte_City, Bulacan",481.2,373.6,243.1
"San_Jose, Antique",304.5,241.5,165.2
"San_Jose, Batangas",434.3,340.4,226.7
"San_Jose, Camarines_Sur",520.3,411.1,278.7
"San_Jose, Camarines_Sur",574.4,449,297
"San_Jose, Camarines_Sur",490.3,386.4,260.5
"San_Jose, Dinagat_Islands",553.9,433,286.5
"San_Jose, Negros_Oriental",227.3,177.2,116.5
"San_Jose, Northern_Samar",461.8,368.5,255.4
"San_Jose, Occidental_Mindoro",313.3,249.2,171.6
"San_Jose, Romblon",313.3,249.2,171.6
"San_Jose, Tarlac",533.6,431.1,307
"San_Jose, Tarlac",349.3,275.2,185.3
"San_Juan, Abra",602,479.8,331.7
"San_Juan, Batangas",508.3,404.8,279.5
"San_Juan, Ilocos_Sur",602,479.8,331.7
"San_Juan, La_Union",1134,876.1,563.6
"San_Juan, Metropolitan_Manila",481.2,373.6,243.1
"San_Juan, Metropolitan_Manila",415.6,328.8,223.5
"San_Juan, Siquijor",227.3,177.2,116.5
"San_Juan, Southern_Leyte",316.3,259.6,190.8
"San_Julian, Eastern_Samar",509.4,407.4,283.8
"San_Leonardo, Nueva_Ecija",349.3,275.2,185.3
"San_Lorenzo_Ruiz, Camarines_Norte",520.3,411.1,278.7
"San_Lorenzo, Guimaras",304.5,241.5,165.2
"San_Luis, Agusan_del_Sur",483.1,389.7,276.5
"San_Luis, Agusan_del_Sur",265.3,214.8,153.6
"San_Luis, Agusan_del_Sur",308.6,248.3,175.2
"San_Luis, Aurora",551.7,428.2,278.6
"San_Luis, Batangas",434.3,340.4,226.7
"San_Luis, Pampanga",481.2,373.6,243.1
"San_Luis, Pampanga",415.6,328.8,223.5
"San_Luis, Pampanga",349.3,275.2,185.3
"San_Manuel, Isabela",465.5,367.2,248
"San_Manuel, Pangasinan",440.5,352.9,246.7
"San_Manuel, Pangasinan",1134,876.1,563.6
"San_Manuel, Tarlac",440.5,352.9,246.7
"San_Marcelino, Zambales",533.6,431.1,307
"San_Mariano, Isabela",427.9,345.5,245.6
"San_Mariano, Isabela",465.5,367.2,248
"San_Mateo, Isabela",427.9,345.5,245.6
"San_Mateo, Isabela",465.5,367.2,248
"San_Mateo, Rizal",481.2,373.6,243.1
"San_Miguel, Bohol",265.7,208.5,139.1
"San_Miguel, Bohol",222.6,176.7,121.2
"San_Miguel, Bohol",316.3,259.6,190.8
"San_Miguel, Bulacan",349.3,275.2,185.3
"San_Miguel, Catanduanes",574.4,449,297
"San_Miguel, Iloilo",304.5,241.5,165.2
"San_Miguel, Leyte",273,222.6,161.4
"San_Miguel, Surigao_del_Sur",308.6,248.3,175.2
"San_Miguel, Zamboanga_del_Sur",294.4,242,178.5
"San_Narciso, Quezon",520.3,411.1,278.7
"San_Narciso, Quezon",466.7,369.6,252
"San_Narciso, Zambales",533.6,431.1,307
"San_Nicolas, Batangas",434.3,340.4,226.7
"San_Nicolas, Ilocos_Norte",602,479.8,331.7
"San_Nicolas, Pangasinan",1134,876.1,563.6
"San_Pablo_City, Laguna",508.3,404.8,279.5
"San_Pablo_City, Laguna",434.3,340.4,226.7
"San_Pablo, Isabela",465.5,367.2,248
"San_Pablo, Zamboanga_del_Sur",294.4,242,178.5
"San_Pascual, Batangas",434.3,340.4,226.7
"San_Pascual, Masbate",313.3,249.2,171.6
"San_Pascual, Masbate",490.3,386.4,260.5
"San_Pedro, Laguna",377.6,301.5,209.4
"San_Policarpo, Eastern_Samar",509.4,407.4,283.8
"San_Quintin, Abra",602,479.8,331.7
"San_Quintin, Pangasinan",349.3,275.2,185.3
"San_Quintin, Pangasinan",440.5,352.9,246.7
"San_Quintin, Pangasinan",1134,876.1,563.6
"San_Rafael, Bulacan",481.2,373.6,243.1
"San_Rafael, Iloilo",304.5,241.5,165.2
"San_Rafael, Iloilo",344.6,273,186.2
"San_Remigio, Antique",304.5,241.5,165.2
"San_Remigio, Cebu",265.7,208.5,139.1
"San_Ricardo, Southern_Leyte",553.9,433,286.5
"San_Ricardo, Southern_Leyte",316.3,259.6,190.8
"San_Roque, Northern_Samar",461.8,368.5,255.4
"San_Sebastian, Samar",418.8,331.3,255.3
"San_Simon, Pampanga",481.2,373.6,243.1
"San_Simon, Pampanga",415.6,328.8,223.5
"San_Teodoro, Oriental_Mindoro",434.3,340.4,226.7
"San_Vicente, Camarines_Norte",520.3,411.1,278.7
"San_Vicente, Ilocos_Sur",602,479.8,331.7
"San_Vicente, Northern_Samar",461.8,368.5,255.4
"San_Vicente, Palawan",299.6,234.9,156.4
"Sanchez_Mira, Cagayan",484,379.3,252.5
"Santa_Ana, Cagayan",465.5,367.2,248
"Santa_Ana, Cagayan",484,379.3,252.5
"Santa_Ana, Pampanga",349.3,275.2,185.3
"Santa_Barbara, Iloilo",304.5,241.5,165.2
"Santa_Barbara, Pangasinan",440.5,352.9,246.7
"Santa_Catalina, Ilocos_Sur",602,479.8,331.7
"Santa_Catalina, Negros_Oriental",227.3,177.2,116.5
"Santa_Cruz, Davao_del_Sur",202.1,165.5,121.1
"Santa_Cruz, Ilocos_Sur",1134,876.1,563.6
"Santa_Cruz, Laguna",508.3,404.8,279.5
"Santa_Cruz, Marinduque",466.7,369.6,252
"Santa_Cruz, Occidental_Mindoro",434.3,340.4,226.7
"Santa_Cruz, Zambales",533.6,431.1,307
"Santa_Cruz, Zambales",440.5,352.9,246.7
"Santa_Elena, Camarines_Norte",466.7,369.6,252
"Santa_Fe, Cebu",265.7,208.5,139.1
"Santa_Fe, Cebu",418.8,331.3,255.3
"Santa_Fe, Leyte",273,222.6,161.4
"Santa_Fe, Nueva_Vizcaya",1134,876.1,563.6
"Santa_Fe, Romblon",313.3,249.2,171.6
"Santa_Ignacia, Tarlac",533.6,431.1,307
"Santa_Ignacia, Tarlac",349.3,275.2,185.3
"Santa_Ignacia, Tarlac",440.5,352.9,246.7
"Santa_Josefa, Agusan_del_Sur",483.1,389.7,276.5
"Santa_Lucia, Ilocos_Sur",1134,876.1,563.6
"Santa_Magdalena, Sorsogon",461.8,368.5,255.4
"Santa_Magdalena, Sorsogon",490.3,386.4,260.5
"Santa_Marcela, Apayao",484,379.3,252.5
"Santa_Margarita, Samar",418.8,331.3,255.3
"Santa_Margarita, Samar",461.8,368.5,255.4
"Santa_Maria, Bulacan",481.2,373.6,243.1
"Santa_Maria, Davao_del_Sur",195.2,153.4,102.7
"Santa_Maria, Ilocos_Sur",602,479.8,331.7
"Santa_Maria, Isabela",465.5,367.2,248
"Santa_Maria, Laguna",481.2,373.6,243.1
"Santa_Maria, Laguna",404.4,334.4,249.6
"Santa_Maria, Pangasinan",440.5,352.9,246.7
"Santa_Maria, Romblon",313.3,249.2,171.6
"Santa_Monica, Surigao_del_Norte",553.9,433,286.5
"Santa_Praxedes, Cagayan",602,479.8,331.7
"Santa_Praxedes, Cagayan",484,379.3,252.5
"Santa_Rita, Pampanga",415.6,328.8,223.5
"Santa_Rita, Samar",509.4,407.4,283.8
"Santa_Rita, Samar",273,222.6,161.4
"Santa_Rosa_City, Laguna",434.3,340.4,226.7
"Santa_Rosa, Nueva_Ecija",349.3,275.2,185.3
"Santa_Teresita, Batangas",434.3,340.4,226.7
"Santa_Teresita, Cagayan",484,379.3,252.5
"Santa, Ilocos_Sur",602,479.8,331.7
"Santander, Cebu",227.3,177.2,116.5
"Santiago_City, Isabela",427.9,345.5,245.6
"Santiago_City, Isabela",1134,876.1,563.6
"Santiago, Agusan_del_Norte",308.6,248.3,175.2
"Santiago, Ilocos_Sur",602,479.8,331.7
"Santiago, Ilocos_Sur",1134,876.1,563.6
"Santo_Domingo, Albay",490.3,386.4,260.5
"Santo_Domingo, Ilocos_Sur",602,479.8,331.7
"Santo_Domingo, Nueva_Ecija",349.3,275.2,185.3
"Santo_Niño, Cagayan",465.5,367.2,248
"Santo_Niño, Cagayan",484,379.3,252.5
"Santo_Nino, Samar",418.8,331.3,255.3
"Santo_Nino, Samar",461.8,368.5,255.4
"Santo_Nino, South_Cotabato",195.2,153.4,102.7
"Santo_Tomas, Batangas",434.3,340.4,226.7
"Santo_Tomas, Davao_del_Norte",202.1,165.5,121.1
"Santo_Tomas, Isabela",465.5,367.2,248
"Santo_Tomas, La_Union",440.5,352.9,246.7
"Santo_Tomas, La_Union",1134,876.1,563.6
"Santo_Tomas, Pampanga",415.6,328.8,223.5
"Santo_Tomas, Pangasinan",440.5,352.9,246.7
"Santol, La_Union",1134,876.1,563.6
"Sapa_Sapa, Tawi_Tawi",191.1,153.4,107.8
"Sapad, Lanao_del_Norte",294.4,242,178.5
"Sapang_Dalaga, Misamis_Occidental",294.4,242,178.5
"Sapi_An, Capiz",344.6,273,186.2
"Sara, Iloilo",344.6,273,186.2
"Sarangani, Davao_del_Sur",195.2,153.4,102.7
"Sariaya, Quezon",508.3,404.8,279.5
"Sarrat, Ilocos_Norte",602,479.8,331.7
"Sasmuan, Pampanga",415.6,328.8,223.5
"Sebaste, Antique",344.6,273,186.2
"Sen_Ninoy_Aquino, Sultan_Kudarat",195.2,153.4,102.7
"Sergio_Osmena_Sr, Zamboanga_del_Norte",294.4,242,178.5
"Sevilla, Bohol",222.6,176.7,121.2
"Shariff_Aguak, Maguindanao",195.2,153.4,102.7
"Shariff_Aguak, Maguindanao",202.1,165.5,121.1
"Siasi, Sulu",191.1,153.4,107.8
"Siaton, Negros_Oriental",227.3,177.2,116.5
"Siay, Zamboanga_Sibugay",294.4,242,178.5
"Siay, Zamboanga_Sibugay",191.1,153.4,107.8
"Siayan, Zamboanga_del_Norte",294.4,242,178.5
"Sibagat, Agusan_del_Sur",308.6,248.3,175.2
"Sibalom, Antique",304.5,241.5,165.2
"Sibonga, Cebu",265.7,208.5,139.1
"Sibonga, Cebu",222.6,176.7,121.2
"Sibuco, Zamboanga_del_Norte",191.1,153.4,107.8
"Sibulan, Negros_Oriental",227.3,177.2,116.5
"Sibunag, Guimaras",304.5,241.5,165.2
"Sibutad, Zamboanga_del_Norte",294.4,242,178.5
"Sibutu, Tawi_Tawi",191.1,153.4,107.8
"Sierra_Bullones, Bohol",222.6,176.7,121.2
"Sigay, Ilocos_Sur",1134,876.1,563.6
"Sigma, Capiz",344.6,273,186.2
"Sikatuna, Bohol",222.6,176.7,121.2
"Silago, Southern_Leyte",316.3,259.6,190.8
"Silang, Cavite",434.3,340.4,226.7
"Silay_City, Negros_Occidental",304.5,241.5,165.2
"Silvino_Lobos, Northern_Samar",418.8,331.3,255.3
"Silvino_Lobos, Northern_Samar",461.8,368.5,255.4
"Simunul, Tawi_Tawi",191.1,153.4,107.8
"Sinacaban, Misamis_Occidental",294.4,242,178.5
"Sinait, Ilocos_Sur",602,479.8,331.7
"Sindangan, Zamboanga_del_Norte",294.4,242,178.5
"Siniloan, Laguna",404.4,334.4,249.6
"Siocon, Zamboanga_del_Norte",191.1,153.4,107.8
"Sipalay_City, Negros_Occidental",227.3,177.2,116.5
"Sipalay_City, Negros_Occidental",304.5,241.5,165.2
"Sipocot, Camarines_Sur",520.3,411.1,278.7
"Siquijor, Siquijor",227.3,177.2,116.5
"Sirawai, Zamboanga_del_Norte",191.1,153.4,107.8
"Siruma, Camarines_Sur",520.3,411.1,278.7
"Sison, Pangasinan",440.5,352.9,246.7
"Sison, Pangasinan",1134,876.1,563.6
"Sison, Surigao_del_Norte",553.9,433,286.5
"Sitangkai, Tawi_Tawi",191.1,153.4,107.8
"Socorro, Oriental_Mindoro",313.3,249.2,171.6
"Socorro, Oriental_Mindoro",508.3,404.8,279.5
"Socorro, Oriental_Mindoro",434.3,340.4,226.7
"Socorro, Surigao_del_Norte",553.9,433,286.5
"Sofronio_Espanola, Palawan",299.6,234.9,156.4
"Sogod, Cebu",265.7,208.5,139.1
"Sogod, Southern_Leyte",316.3,259.6,190.8
"Solana, Cagayan",465.5,367.2,248
"Solano, Nueva_Vizcaya",1134,876.1,563.6
"Solsona, Ilocos_Norte",602,479.8,331.7
"Sominot, Zamboanga_del_Sur",294.4,242,178.5
"Sorsogon_City, Sorsogon",490.3,386.4,260.5
"South_Ubian, Tawi_Tawi",191.1,153.4,107.8
"South_Upi, Maguindanao",195.2,153.4,102.7
"Sual, Pangasinan",440.5,352.9,246.7
"Subic, Zambales",533.6,431.1,307
"Sudipen, La_Union",1134,876.1,563.6
"Sugbongcogon, Misamis_Oriental",239.7,189.8,129.2
"Sugpon, Ilocos_Sur",1134,876.1,563.6
"Sulat, Eastern_Samar",509.4,407.4,283.8
"Sulop, Davao_del_Sur",195.2,153.4,102.7
"Sultan_Dumalondong, Lanao_del_Sur",255.5,204,141.7
"Sultan_Kudarat, Shariff_Kabunsuan",255.5,204,141.7
"Sultan_Kudarat, Shariff_Kabunsuan",202.1,165.5,121.1
"Sultan_Mastura, Shariff_Kabunsuan",255.5,204,141.7
"Sultan_Mastura, Shariff_Kabunsuan",202.1,165.5,121.1
"Sultan_Naga_Dimaporo, Lanao_del_Norte",294.4,242,178.5
"Sultan_Sa_Barongis, Maguindanao",195.2,153.4,102.7
"Sultan_Sa_Barongis, Maguindanao",202.1,165.5,121.1
"Sumilao, Bukidnon",265.3,214.8,153.6
"Sumilao, Bukidnon",239.7,189.8,129.2
"Sumisip, Basilan",191.1,153.4,107.8
"Surallah, South_Cotabato",195.2,153.4,102.7
"Surigao_City, Surigao_del_Norte",553.9,433,286.5
"Suyo, Ilocos_Sur",1134,876.1,563.6
"T'Boli, South_Cotabato",195.2,153.4,102.7
"Taal_lake, Batangas",434.3,340.4,226.7
"Taal, Batangas",434.3,340.4,226.7
"Tabaco_City, Albay",490.3,386.4,260.5
"Tabango, Leyte",273,222.6,161.4
"Tabina, Zamboanga_del_Sur",294.4,242,178.5
"Tabogon, Cebu",265.7,208.5,139.1
"Tabontabon, Leyte",273,222.6,161.4
"Tabuelan, Cebu",265.7,208.5,139.1
"Tabuk_City, Kalinga",465.5,367.2,248
"Tacloban_City, Leyte",273,222.6,161.4
"Tacurong_City, Sultan_Kudarat",195.2,153.4,102.7
"Tadian, Mountain_Province",1134,876.1,563.6
"Taft, Eastern_Samar",509.4,407.4,283.8
"Tagana_An, Surigao_del_Norte",553.9,433,286.5
"Tagapul_An, Samar",461.8,368.5,255.4
"Tagaytay_City, Cavite",434.3,340.4,226.7
"Tagbilaran_City, Bohol",222.6,176.7,121.2
"Tagbina, Surigao_del_Sur",483.1,389.7,276.5
"Tagkawayan, Quezon",520.3,411.1,278.7
"Tagkawayan, Quezon",466.7,369.6,252
"Tago, Surigao_del_Sur",483.1,389.7,276.5
"Tago, Surigao_del_Sur",308.6,248.3,175.2
"Tagoloan_II, Lanao_del_Sur",255.5,204,141.7
"Tagoloan, Lanao_del_Norte",255.5,204,141.7
"Tagoloan, Misamis_Oriental",239.7,189.8,129.2
"Tagudin, Ilocos_Sur",1134,876.1,563.6
"Taguig, Metropolitan_Manila",481.2,373.6,243.1
"Taguig, Metropolitan_Manila",415.6,328.8,223.5
"Tagum_City, Davao_del_Norte",202.1,165.5,121.1
"Talacogon, Agusan_del_Sur",483.1,389.7,276.5
"Talacogon, Agusan_del_Sur",308.6,248.3,175.2
"Talaingod, Davao_del_Norte",265.3,214.8,153.6
"Talaingod, Davao_del_Norte",202.1,165.5,121.1
"Talakag, Bukidnon",255.5,204,141.7
"Talakag, Bukidnon",265.3,214.8,153.6
"Talakag, Bukidnon",239.7,189.8,129.2
"Talalora, Samar",273,222.6,161.4
"Talalora, Samar",418.8,331.3,255.3
"Talavera, Nueva_Ecija",349.3,275.2,185.3
"Talayan, Maguindanao",195.2,153.4,102.7
"Talayan, Maguindanao",202.1,165.5,121.1
"Talibon, Bohol",265.7,208.5,139.1
"Talipao, Sulu",191.1,153.4,107.8
"Talisay_City, Cebu",265.7,208.5,139.1
"Talisay_City, Negros_Occidental",304.5,241.5,165.2
"Talisay, Batangas",434.3,340.4,226.7
"Talisay, Camarines_Norte",520.3,411.1,278.7
"Talisayan, Misamis_Oriental",239.7,189.8,129.2
"Talisayan, Misamis_Oriental",308.6,248.3,175.2
"Talitay, Maguindanao",202.1,165.5,121.1
"Talugtug, Nueva_Ecija",349.3,275.2,185.3
"Talusan, Zamboanga_Sibugay",191.1,153.4,107.8
"Tambulig, Zamboanga_del_Sur",294.4,242,178.5
"Tampakan, South_Cotabato",195.2,153.4,102.7
"Tamparan, Lanao_del_Sur",255.5,204,141.7
"Tampilisan, Zamboanga_del_Norte",294.4,242,178.5
"Tampilisan, Zamboanga_del_Norte",191.1,153.4,107.8
"Tanauan_City, Batangas",434.3,340.4,226.7
"Tanauan, Leyte",273,222.6,161.4
"Tanay, Rizal",481.2,373.6,243.1
"Tanay, Rizal",404.4,334.4,249.6
"Tandag_City, Surigao_del_Sur",483.1,389.7,276.5
"Tandag_City, Surigao_del_Sur",308.6,248.3,175.2
"Tandubas, Tawi_Tawi",191.1,153.4,107.8
"Tangalan, Aklan",344.6,273,186.2
"Tangcal, Lanao_del_Norte",294.4,242,178.5
"Tangcal, Lanao_del_Norte",255.5,204,141.7
"Tangub_City, Misamis_Occidental",294.4,242,178.5
"Tanjay_City, Negros_Oriental",227.3,177.2,116.5
"Tantangan, South_Cotabato",195.2,153.4,102.7
"Tanudan, Kalinga",465.5,367.2,248
"Tanza, Cavite",377.6,301.5,209.4
"Tapaz, Capiz",304.5,241.5,165.2
"Tapaz, Capiz",344.6,273,186.2
"Tapul, Sulu",191.1,153.4,107.8
"Taraka, Lanao_del_Sur",255.5,204,141.7
"Tarangnan, Samar",418.8,331.3,255.3
"Tarlac_City, Tarlac",533.6,431.1,307
"Tarlac_City, Tarlac",349.3,275.2,185.3
"Tarragona, Davao_Oriental",202.1,165.5,121.1
"Tayabas_City, Quezon",508.3,404.8,279.5
"Tayasan, Negros_Oriental",227.3,177.2,116.5
"Taysan, Batangas",434.3,340.4,226.7
"Taytay, Palawan",299.6,234.9,156.4
"Taytay, Rizal",481.2,373.6,243.1
"Tayug, Pangasinan",440.5,352.9,246.7
"Tayug, Pangasinan",1134,876.1,563.6
"Tayum, Abra",602,479.8,331.7
"Teresa, Rizal",481.2,373.6,243.1
"Ternate, Cavite",377.6,301.5,209.4
"Tiaong, Quezon",508.3,404.8,279.5
"Tiaong, Quezon",434.3,340.4,226.7
"Tibiao, Antique",304.5,241.5,165.2
"Tibiao, Antique",344.6,273,186.2
"Tigaon, Camarines_Sur",520.3,411.1,278.7
"Tigaon, Camarines_Sur",490.3,386.4,260.5
"Tigbao, Zamboanga_del_Sur",294.4,242,178.5
"Tigbauan, Iloilo",304.5,241.5,165.2
"Tinambac, Camarines_Sur",520.3,411.1,278.7
"Tineg, Abra",602,479.8,331.7
"Tineg, Abra",465.5,367.2,248
"Tinglayan, Kalinga",465.5,367.2,248
"Tingloy, Batangas",434.3,340.4,226.7
"Tinoc, Ifugao",1134,876.1,563.6
"Tipo_Tipo, Basilan",191.1,153.4,107.8
"Titay, Zamboanga_Sibugay",294.4,242,178.5
"Titay, Zamboanga_Sibugay",191.1,153.4,107.8
"Tiwi, Albay",490.3,386.4,260.5
"Tobias_Fornier, Antique",304.5,241.5,165.2
"Toboso, Negros_Occidental",265.7,208.5,139.1
"Toledo_City, Cebu",265.7,208.5,139.1
"Tolosa, Leyte",273,222.6,161.4
"Tomas_Oppus, Southern_Leyte",316.3,259.6,190.8
"Tongkil, Sulu",191.1,153.4,107.8
"Torrijos, Marinduque",313.3,249.2,171.6
"Torrijos, Marinduque",466.7,369.6,252
"Trece_Martires_City, Cavite",377.6,301.5,209.4
"Trece_Martires_City, Cavite",434.3,340.4,226.7
"Trento, Agusan_del_Sur",483.1,389.7,276.5
"Trinidad, Bohol",265.7,208.5,139.1
"Trinidad, Bohol",316.3,259.6,190.8
"Tuao, Cagayan",465.5,367.2,248
"Tuba, Benguet",1134,876.1,563.6
"Tubajon, Dinagat_Islands",409.1,323.8,220.5
"Tubajon, Dinagat_Islands",553.9,433,286.5
"Tubao, La_Union",1134,876.1,563.6
"Tubaran, Lanao_del_Sur",255.5,204,141.7
"Tubay, Agusan_del_Norte",308.6,248.3,175.2
"Tubigon, Bohol",265.7,208.5,139.1
"Tubigon, Bohol",222.6,176.7,121.2
"Tublay, Benguet",1134,876.1,563.6
"Tubo, Abra",602,479.8,331.7
"Tubo, Abra",465.5,367.2,248
"Tubo, Abra",1134,876.1,563.6
"Tubod, Lanao_del_Norte",294.4,242,178.5
"Tubod, Surigao_del_Norte",553.9,433,286.5
"Tubungan, Iloilo",304.5,241.5,165.2
"Tuburan, Basilan",191.1,153.4,107.8
"Tuburan, Cebu",265.7,208.5,139.1
"Tudela, Cebu",265.7,208.5,139.1
"Tudela, Misamis_Occidental",294.4,242,178.5
"Tugaya, Lanao_del_Sur",255.5,204,141.7
"Tuguegarao_City, Cagayan",465.5,367.2,248
"Tukuran, Zamboanga_del_Sur",294.4,242,178.5
"Tulunan, North_Cotabato",195.2,153.4,102.7
"Tulunan, North_Cotabato",202.1,165.5,121.1
"Tumauini, Isabela",465.5,367.2,248
"Tunga, Leyte",273,222.6,161.4
"Tungawan, Zamboanga_Sibugay",191.1,153.4,107.8
"Tupi, South_Cotabato",195.2,153.4,102.7
"Turtle_Islands, Tawi_Tawi",299.6,234.9,156.4
"Tuy, Batangas",434.3,340.4,226.7
"Ubay, Bohol",265.7,208.5,139.1
"Ubay, Bohol",316.3,259.6,190.8
"Umingan, Pangasinan",349.3,275.2,185.3
"Umingan, Pangasinan",440.5,352.9,246.7
"Ungkaya_Pukan, Basilan",191.1,153.4,107.8
"Unisan, Quezon",466.7,369.6,252
"Upi, Shariff_Kabunsuan",195.2,153.4,102.7
"Upi, Shariff_Kabunsuan",202.1,165.5,121.1
"Urbiztondo, Pangasinan",440.5,352.9,246.7
"Urdaneta_City, Pangasinan",440.5,352.9,246.7
"Uson, Masbate",461.8,368.5,255.4
"Uson, Masbate",490.3,386.4,260.5
"Uyugan, Batanes",484,379.3,252.5
"Valderrama, Antique",304.5,241.5,165.2
"Valencia_City, Bukidnon",265.3,214.8,153.6
"Valencia, Bohol",222.6,176.7,121.2
"Valencia, Negros_Oriental",227.3,177.2,116.5
"Valenzuela, Metropolitan_Manila",481.2,373.6,243.1
"Valenzuela, Metropolitan_Manila",415.6,328.8,223.5
"Valladolid, Negros_Occidental",304.5,241.5,165.2
"Vallehermoso, Negros_Oriental",265.7,208.5,139.1
"Veruela, Agusan_del_Sur",483.1,389.7,276.5
"Veruela, Agusan_del_Sur",265.3,214.8,153.6
"Victoria, Laguna",508.3,404.8,279.5
"Victoria, Laguna",434.3,340.4,226.7
"Victoria, Northern_Samar",461.8,368.5,255.4
"Victoria, Oriental_Mindoro",508.3,404.8,279.5
"Victoria, Oriental_Mindoro",434.3,340.4,226.7
"Victoria, Tarlac",349.3,275.2,185.3
"Victorias_City, Negros_Occidental",304.5,241.5,165.2
"Viga, Catanduanes",574.4,449,297
"Vigan_City, Ilocos_Sur",602,479.8,331.7
"Villaba, Leyte",273,222.6,161.4
"Villanueva, Misamis_Oriental",239.7,189.8,129.2
"Villareal, Samar",273,222.6,161.4
"Villareal, Samar",418.8,331.3,255.3
"Villasis, Pangasinan",440.5,352.9,246.7
"Villaverde, Nueva_Vizcaya",1134,876.1,563.6
"Villaviciosa, Abra",602,479.8,331.7
"Villaviciosa, Abra",1134,876.1,563.6
"Vincenzo_A_Sagun, Zamboanga_del_Sur",294.4,242,178.5
"Vintar, Ilocos_Norte",602,479.8,331.7
"Vinzons, Camarines_Norte",520.3,411.1,278.7
"Virac, Catanduanes",574.4,449,297
"Wao, Lanao_del_Sur",265.3,214.8,153.6
"Waterbody, Laguna",508.3,404.8,279.5
"Zamboanga_City, Zamboanga_del_Sur",191.1,153.4,107.8
"Zamboanguita, Negros_Oriental",227.3,177.2,116.5
"Zaragoza, Nueva_Ecija",349.3,275.2,185.3
"Zarraga, Iloilo",304.5,241.5,165.2
"Zumarraga, Samar",418.8,331.3,255.3
